date,adjClose,adjHigh,adjLow,adjOpen,adjVolume,close,divCash,high,low,open,splitFactor,volume
27/03/2014,558.46,568,552.92,568,13100,558.46,0,568,552.92,568,1,13100
28/03/2014,559.99,566.43,558.67,561.2,41100,559.99,0,566.43,558.67,561.2,1,41100
31/03/2014,556.97,567,556.93,566.89,10800,556.97,0,567,556.93,566.89,1,10800
01/04/2014,567.16,568.45,558.71,558.71,7900,567.16,0,568.45,558.71,558.71,1,7900
02/04/2014,567,604.83,562.19,565.106,146700,567,0,604.83,562.19,565.106,1,146700
03/04/2014,569.74,587.28,564.13,569.85,5085200,569.74,0,587.28,564.13,569.85,1,5085200
04/04/2014,543.14,577.77,543,574.65,6351900,543.14,0,577.77,543,574.65,1,6351900
07/04/2014,538.15,548.48,527.15,540.74,4389600,538.15,0,548.48,527.15,540.74,1,4389600
08/04/2014,554.9,555,541.61,542.6,3142600,554.9,0,555,541.61,542.6,1,3142600
09/04/2014,564.14,565.37,552.95,559.62,3321700,564.14,0,565.37,552.95,559.62,1,3321700
10/04/2014,540.95,565,539.9,565,4025800,540.95,0,565,539.9,565,1,4025800
11/04/2014,530.6,540,526.53,532.55,3914100,530.6,0,540,526.53,532.55,1,3914100
14/04/2014,532.52,544.1,529.561,538.25,2568000,532.52,0,544.1,529.561,538.25,1,2568000
15/04/2014,536.44,538.45,518.4601,536.82,3844500,536.44,0,538.45,518.4601,536.82,1,3844500
16/04/2014,556.54,557,540,543,4879900,556.54,0,557,540,543,1,4879900
17/04/2014,536.1,549.5,531.15,548.81,6790900,536.1,0,549.5,531.15,548.81,1,6790900
21/04/2014,528.62,536.7,525.6,536.1,2559700,528.62,0,536.7,525.6,536.1,1,2559700
22/04/2014,534.81,537.23,527.51,528.64,2358900,534.81,0,537.23,527.51,528.64,1,2358900
23/04/2014,526.94,533.87,526.25,533.79,2046700,526.94,0,533.87,526.25,533.79,1,2046700
24/04/2014,525.16,531.65,522.12,530.07,1878000,525.16,0,531.65,522.12,530.07,1,1878000
25/04/2014,516.18,524.7,515.42,522.51,2094600,516.18,0,524.7,515.42,522.51,1,2094600
28/04/2014,517.15,518.6,502.8,517.18,3326400,517.15,0,518.6,502.8,517.18,1,3326400
29/04/2014,527.7,529.46,516.32,516.9,2691700,527.7,0,529.46,516.32,516.9,1,2691700
30/04/2014,526.66,528,522.52,527.6,1746400,526.66,0,528,522.52,527.6,1,1746400
01/05/2014,531.35,532.93,523.88,527.11,1900300,531.35,0,532.93,523.88,527.11,1,1900300
02/05/2014,527.93,533.9999,525.61,533.76,1683900,527.93,0,533.9999,525.61,533.76,1,1683900
05/05/2014,527.81,528.9,521.32,524.82,1021300,527.81,0,528.9,521.32,524.82,1,1021300
06/05/2014,515.14,526.81,515.06,525.23,1684400,515.14,0,526.81,515.06,525.23,1,1684400
07/05/2014,509.96,516.68,503.3,515.79,3215500,509.96,0,516.68,503.3,515.79,1,3215500
08/05/2014,511,517.23,506.45,508.46,2015800,511,0,517.23,506.45,508.46,1,2015800
09/05/2014,518.73,519.9,504.2,510.75,2432800,518.73,0,519.9,504.2,510.75,1,2432800
12/05/2014,529.92,530.19,519.01,523.51,1907300,529.92,0,530.19,519.01,523.51,1,1907300
13/05/2014,533.09,536.07,529.51,530.89,1648900,533.09,0,536.07,529.51,530.89,1,1648900
14/05/2014,526.65,533,525.29,533,1188500,526.65,0,533,525.29,533,1,1188500
15/05/2014,519.98,525.87,517.42,525.7,1699700,519.98,0,525.87,517.42,525.7,1,1699700
16/05/2014,520.63,521.8,515.44,521.39,1481200,520.63,0,521.8,515.44,521.39,1,1481200
19/05/2014,528.86,529.78,517.583,519.7,1274300,528.86,0,529.78,517.583,519.7,1,1274300
20/05/2014,529.77,536.23,526.3,529.74,1779900,529.77,0,536.23,526.3,529.74,1,1779900
21/05/2014,538.94,539.1828,531.91,532.9,1193000,538.94,0,539.1828,531.91,532.9,1,1193000
22/05/2014,545.06,547.5999,540.78,541.13,1611400,545.06,0,547.5999,540.78,541.13,1,1611400
23/05/2014,552.7,553.64,543.7,547.26,1926900,552.7,0,553.64,543.7,547.26,1,1926900
27/05/2014,565.95,566,554.35,556,2098400,565.95,0,566,554.35,556,1,2098400
28/05/2014,561.68,567.84,561,564.57,1647500,561.68,0,567.84,561,564.57,1,1647500
29/05/2014,560.08,564,558.71,563.35,1350400,560.08,0,564,558.71,563.35,1,1350400
30/05/2014,559.89,561.35,555.91,560.8,1766300,559.89,0,561.35,555.91,560.8,1,1766300
02/06/2014,553.93,560.9,545.73,560.7,1431100,553.93,0,560.9,545.73,560.7,1,1431100
03/06/2014,544.94,552.34,542.55,550.99,1861500,544.94,0,552.34,542.55,550.99,1,1861500
04/06/2014,544.66,548.61,538.75,541.5,1811500,544.66,0,548.61,538.75,541.5,1,1811500
05/06/2014,553.9,554.95,544.45,546.4,1684500,553.9,0,554.95,544.45,546.4,1,1684500
06/06/2014,556.33,558.06,548.93,558.06,1732000,556.33,0,558.06,548.93,558.06,1,1732000
09/06/2014,562.12,562.9,556.04,557.15,1463500,562.12,0,562.9,556.04,557.15,1,1463500
10/06/2014,560.55,563.6,557.9,560.51,1348000,560.55,0,563.6,557.9,560.51,1,1348000
11/06/2014,558.84,559.88,555.0201,558,1097100,558.84,0,559.88,555.0201,558,1,1097100
12/06/2014,551.35,557.99,548.46,557.3,1454500,551.35,0,557.99,548.46,557.3,1,1454500
13/06/2014,551.76,552.3,545.56,552.26,1217200,551.76,0,552.3,545.56,552.26,1,1217200
16/06/2014,544.28,549.62,541.52,549.26,1697900,544.28,0,549.62,541.52,549.26,1,1697900
17/06/2014,543.01,545.32,539.33,544.2,1440600,543.01,0,545.32,539.33,544.2,1,1440600
18/06/2014,553.37,553.56,544,544.86,1737000,553.37,0,553.56,544,544.86,1,1737000
19/06/2014,554.9,555,548.51,554.24,2450100,554.9,0,555,548.51,554.24,1,2450100
20/06/2014,556.36,557.58,550.3915,556.85,4496000,556.36,0,557.58,550.3915,556.85,1,4496000
23/06/2014,564.95,565,554.25,555.15,1532600,564.95,0,565,554.25,555.15,1,1532600
24/06/2014,564.62,572.646,561.01,565.19,2201100,564.62,0,572.646,561.01,565.19,1,2201100
25/06/2014,578.65,579.96,565.22,565.26,1964000,578.65,0,579.96,565.22,565.26,1,1964000
26/06/2014,576,582.45,571.85,581,1737200,576,0,582.45,571.85,581,1,1737200
27/06/2014,577.24,579.87,573.8,577.18,2230800,577.24,0,579.87,573.8,577.18,1,2230800
30/06/2014,575.28,579.57,574.75,578.66,1310200,575.28,0,579.57,574.75,578.66,1,1310200
01/07/2014,582.67,584.4,576.65,578.32,1444000,582.67,0,584.4,576.65,578.32,1,1444000
02/07/2014,582.335,585.4399,580.39,583.35,1053500,582.335,0,585.4399,580.39,583.35,1,1053500
03/07/2014,584.73,585.01,580.92,583.35,712200,584.73,0,585.01,580.92,583.35,1,712200
07/07/2014,582.25,586.4299,579.59,583.76,1061700,582.25,0,586.4299,579.59,583.76,1,1061700
08/07/2014,571.09,579.5284,566.135,577.66,1904300,571.09,0,579.5284,566.135,577.66,1,1904300
09/07/2014,576.08,576.72,569.376,571.58,1113700,576.08,0,576.72,569.376,571.58,1,1113700
10/07/2014,571.1,576.59,565.01,565.91,1353000,571.1,0,576.59,565.01,565.91,1,1353000
11/07/2014,579.18,580.85,571.42,571.91,1617300,579.18,0,580.85,571.42,571.91,1,1617300
14/07/2014,584.87,585.21,578.03,582.6,1849000,584.87,0,585.21,578.03,582.6,1,1849000
15/07/2014,584.78,585.8045,576.56,585.74,1618600,584.78,0,585.8045,576.56,585.74,1,1618600
16/07/2014,582.66,588.4,582.2,588,1393300,582.66,0,588.4,582.2,588,1,1393300
17/07/2014,573.7299,580.99,568.61,579.53,3008300,573.7299,0,580.99,568.61,579.53,1,3008300
18/07/2014,595.08,596.8,582,593,4003200,595.08,0,596.8,582,593,1,4003200
21/07/2014,589.47,594.4,585.2326,591.75,2056500,589.47,0,594.4,585.2326,591.75,1,2056500
22/07/2014,594.74,599.65,590.6,590.72,1694500,594.74,0,599.65,590.6,590.72,1,1694500
23/07/2014,595.98,597.85,592.5,593.23,1229800,595.98,0,597.85,592.5,593.23,1,1229800
24/07/2014,593.35,599.5,591.77,596.45,1032300,593.35,0,599.5,591.77,596.45,1,1032300
25/07/2014,589.02,591.86,587.03,590.4,929900,589.02,0,591.86,587.03,590.4,1,929900
28/07/2014,590.6,592.5,584.7533,588.07,984100,590.6,0,592.5,584.7533,588.07,1,984100
29/07/2014,585.61,589.7,583.515,588.75,1346200,585.61,0,589.7,583.515,588.75,1,1346200
30/07/2014,587.42,589.5,584,586.55,1013700,587.42,0,589.5,584,586.55,1,1013700
31/07/2014,571.6,583.6499,570,580.6,2097000,571.6,0,583.6499,570,580.6,1,2097000
01/08/2014,566.07,575.9599,562.85,570.4,1949900,566.07,0,575.9599,562.85,570.4,1,1949900
04/08/2014,573.15,575.35,564.1,569.04,1423400,573.15,0,575.35,564.1,569.04,1,1423400
05/08/2014,565.07,571.98,562.61,570.05,1547000,565.07,0,571.98,562.61,570.05,1,1547000
06/08/2014,566.374,570.7,560,561.78,1330700,566.374,0,570.7,560,561.78,1,1330700
07/08/2014,563.36,569.89,561.1,568,1107900,563.36,0,569.89,561.1,568,1,1107900
08/08/2014,568.77,570.25,560.35,563.56,1490700,568.77,0,570.25,560.35,563.56,1,1490700
11/08/2014,567.88,570.49,566,569.99,1211400,567.88,0,570.49,566,569.99,1,1211400
12/08/2014,562.73,565.9,560.88,564.52,1537800,562.73,0,565.9,560.88,564.52,1,1537800
13/08/2014,574.78,575,565.75,567.31,1437900,574.78,0,575,565.75,567.31,1,1437900
14/08/2014,574.65,577.9,570.88,576.18,982800,574.65,0,577.9,570.88,576.18,1,982800
15/08/2014,573.48,579.38,570.52,577.86,1515000,573.48,0,579.38,570.52,577.86,1,1515000
18/08/2014,582.16,584.51,576,576.11,1280600,582.16,0,584.51,576,576.11,1,1280600
19/08/2014,586.86,587.34,584,585,976000,586.86,0,587.34,584,585,1,976000
20/08/2014,584.49,586.7,582.57,585.88,1033900,584.49,0,586.7,582.57,585.88,1,1033900
21/08/2014,583.37,584.5,581.14,583.82,912300,583.37,0,584.5,581.14,583.82,1,912300
22/08/2014,582.56,585.236,580.64,583.59,786900,582.56,0,585.236,580.64,583.59,1,786900
25/08/2014,580.2,585,579,584.72,1357700,580.2,0,585,579,584.72,1,1357700
26/08/2014,577.86,581.8,576.58,581.26,1635200,577.86,0,581.8,576.58,581.26,1,1635200
27/08/2014,571,578.49,570.103,577.27,1698700,571,0,578.49,570.103,577.27,1,1698700
28/08/2014,569.2,573.25,567.1,569.56,1289400,569.2,0,573.25,567.1,569.56,1,1289400
29/08/2014,571.6,572.04,567.0692,571.33,1080800,571.6,0,572.04,567.0692,571.33,1,1080800
02/09/2014,577.33,577.83,571.19,571.85,1574100,577.33,0,577.83,571.19,571.85,1,1574100
03/09/2014,577.94,582.99,575,580,1211800,577.94,0,582.99,575,580,1,1211800
04/09/2014,581.98,586,579.22,580,1454200,581.98,0,586,579.22,580,1,1454200
05/09/2014,586.08,586.55,581.95,583.98,1627900,586.08,0,586.55,581.95,583.98,1,1627900
08/09/2014,589.72,591.77,586.3,586.6,1427100,589.72,0,591.77,586.3,586.6,1,1427100
09/09/2014,581.01,589,580,588.9,1283700,581.01,0,589,580,588.9,1,1283700
10/09/2014,583.1,583.5,576.94,581.5,974700,583.1,0,583.5,576.94,581.5,1,974700
11/09/2014,581.35,581.81,576.26,580.36,1217700,581.35,0,581.81,576.26,580.36,1,1217700
12/09/2014,575.62,581.64,574.46,581,1597300,575.62,0,581.64,574.46,581,1,1597300
15/09/2014,573.1,574.95,568.21,572.94,1593200,573.1,0,574.95,568.21,572.94,1,1593200
16/09/2014,579.95,581.5,572.66,572.76,1476300,579.95,0,581.5,572.66,572.76,1,1476300
17/09/2014,584.77,587.5199,578.775,580.01,1688200,584.77,0,587.5199,578.775,580.01,1,1688200
18/09/2014,589.27,589.54,585,587,1440600,589.27,0,589.54,585,587,1,1440600
19/09/2014,596.08,596.48,589.5,591.5,3726400,596.08,0,596.48,589.5,591.5,1,3726400
22/09/2014,587.37,593.949,583.46,593.82,1684900,587.37,0,593.949,583.46,593.82,1,1684900
23/09/2014,581.13,586.85,581,586.85,1467400,581.13,0,586.85,581,586.85,1,1467400
24/09/2014,587.99,589.63,580.52,581.46,1721085,587.99,0,589.63,580.52,581.46,1,1721085
25/09/2014,575.06,587.98,574.18,587.55,1915643,575.06,0,587.98,574.18,587.55,1,1915643
26/09/2014,577.1,579.25,574.66,576.06,1439807,577.1,0,579.25,574.66,576.06,1,1439807
29/09/2014,576.36,578.19,571.17,571.75,1281204,576.36,0,578.19,571.17,571.75,1,1281204
30/09/2014,577.36,579.85,572.85,576.93,1618437,577.36,0,579.85,572.85,576.93,1,1618437
01/10/2014,568.27,577.5799,567.01,576.01,1445027,568.27,0,577.5799,567.01,576.01,1,1445027
02/10/2014,570.08,571.91,563.32,567.31,1175307,570.08,0,571.91,563.32,567.31,1,1175307
03/10/2014,575.28,577.225,572.5,573.05,1138636,575.28,0,577.225,572.5,573.05,1,1138636
06/10/2014,577.35,581,574.44,578.8,1211320,577.35,0,581,574.44,578.8,1,1211320
07/10/2014,563.74,575.27,563.74,574.4,1906427,563.74,0,575.27,563.74,574.4,1,1906427
08/10/2014,572.5,573.88,557.49,565.57,1987888,572.5,0,573.88,557.49,565.57,1,1987888
09/10/2014,560.88,571.49,559.06,571.18,2519693,560.88,0,571.49,559.06,571.18,1,2519693
10/10/2014,544.49,565.1299,544.05,557.72,3078634,544.49,0,565.1299,544.05,557.72,1,3078634
13/10/2014,533.21,549.5,533.1,544.99,2578676,533.21,0,549.5,533.1,544.99,1,2578676
14/10/2014,537.94,547.19,533.1695,538.9,2217230,537.94,0,547.19,533.1695,538.9,1,2217230
15/10/2014,530.03,532.8,518.3,531.01,3712536,530.03,0,532.8,518.3,531.01,1,3712536
16/10/2014,524.51,529.43,515,519,3698423,524.51,0,529.43,515,519,1,3698423
17/10/2014,511.17,530.98,508.53,527.25,5530674,511.17,0,530.98,508.53,527.25,1,5530674
20/10/2014,520.84,521.76,508.1,509.45,2605505,520.84,0,521.76,508.1,509.45,1,2605505
21/10/2014,526.54,526.79,519.11,525.19,2332531,526.54,0,526.79,519.11,525.19,1,2332531
22/10/2014,532.71,539.8,528.8,529.89,2917183,532.71,0,539.8,528.8,529.89,1,2917183
23/10/2014,543.98,547.22,535.85,539.32,2345296,543.98,0,547.22,535.85,539.32,1,2345296
24/10/2014,539.78,544.88,535.79,544.36,1972047,539.78,0,544.88,535.79,544.36,1,1972047
27/10/2014,540.77,544.41,537.03,537.03,1184973,540.77,0,544.41,537.03,537.03,1,1184973
28/10/2014,548.9,548.98,541.62,543,1273372,548.9,0,548.98,541.62,543,1,1273372
29/10/2014,549.33,554.19,546.98,550,1767107,549.33,0,554.19,546.98,550,1,1767107
30/10/2014,550.31,552.8,543.51,548.95,1451667,550.31,0,552.8,543.51,548.95,1,1451667
31/10/2014,559.08,559.57,554.75,559.35,2032887,559.08,0,559.57,554.75,559.35,1,2032887
03/11/2014,555.22,557.9,553.23,555.5,1378511,555.22,0,557.9,553.23,555.5,1,1378511
04/11/2014,554.11,555.5,549.3,553,1240761,554.11,0,555.5,549.3,553,1,1240761
05/11/2014,545.92,556.8,544.05,556.8,2026740,545.92,0,556.8,544.05,556.8,1,2026740
06/11/2014,542.04,546.885,540.97,545.5,1329604,542.04,0,546.885,540.97,545.5,1,1329604
07/11/2014,541.01,546.21,538.67,546.21,1629259,541.01,0,546.21,538.67,546.21,1,1629259
10/11/2014,547.49,549.59,541.02,541.46,1131546,547.49,0,549.59,541.02,541.46,1,1131546
11/11/2014,550.29,551.9399,546.3,548.49,964866,550.29,0,551.9399,546.3,548.49,1,964866
12/11/2014,547.31,550.46,545.17,550.39,1126594,547.31,0,550.46,545.17,550.39,1,1126594
13/11/2014,545.38,549.8,543.48,549.8,1335719,545.38,0,549.8,543.48,549.8,1,1335719
14/11/2014,544.4,546.68,542.15,546.68,1285991,544.4,0,546.68,542.15,546.68,1,1285991
17/11/2014,536.51,543.79,534.061,543.58,1721282,536.51,0,543.79,534.061,543.58,1,1721282
18/11/2014,535.03,541.94,534.17,537.5,1957664,535.03,0,541.94,534.17,537.5,1,1957664
19/11/2014,536.99,538.24,530.08,535,1388440,536.99,0,538.24,530.08,535,1,1388440
20/11/2014,534.83,535.11,531.08,531.25,1559131,534.83,0,535.11,531.08,531.25,1,1559131
21/11/2014,537.5,542.14,536.56,541.61,2218249,537.5,0,542.14,536.56,541.61,1,2218249
24/11/2014,539.27,542.7,535.62,537.65,1701682,539.27,0,542.7,535.62,537.65,1,1701682
25/11/2014,541.08,543.98,538.602,539,1784967,541.08,0,543.98,538.602,539,1,1784967
26/11/2014,540.37,541.55,537.042,540.88,1519503,540.37,0,541.55,537.042,540.88,1,1519503
28/11/2014,541.83,542,536.6,540.62,1145231,541.83,0,542,536.6,540.62,1,1145231
01/12/2014,533.8,541.41,531.86,538.9,2109599,533.8,0,541.41,531.86,538.9,1,2109599
02/12/2014,533.75,535.5,529.8,533.51,1522481,533.75,0,535.5,529.8,533.51,1,1522481
03/12/2014,531.32,535.996,529.26,531.44,1279288,531.32,0,535.996,529.26,531.44,1,1279288
04/12/2014,537.31,537.34,528.59,531.16,1392208,537.31,0,537.34,528.59,531.16,1,1392208
05/12/2014,525.26,532.89,524.28,531,2558649,525.26,0,532.89,524.28,531,1,2558649
08/12/2014,526.98,531,523.79,527.13,2327127,526.98,0,531,523.79,527.13,1,2327127
09/12/2014,533.37,534.19,520.5,522.14,1871268,533.37,0,534.19,520.5,522.14,1,1871268
10/12/2014,526.06,536.33,525.56,533.08,1716835,526.06,0,536.33,525.56,533.08,1,1716835
11/12/2014,528.34,533.92,527.1,527.8,1610964,528.34,0,533.92,527.1,527.8,1,1610964
12/12/2014,518.66,528.5,518.66,523.51,1989117,518.66,0,528.5,518.66,523.51,1,1989117
15/12/2014,513.8,523.1,513.27,522.74,2812786,513.8,0,523.1,513.27,522.74,1,2812786
16/12/2014,495.39,513.05,489,511.56,3953371,495.39,0,513.05,489,511.56,1,3953371
17/12/2014,504.89,507,496.81,497,2875281,504.89,0,507,496.81,497,1,2875281
18/12/2014,511.1,513.87,504.7,512.95,2918730,511.1,0,513.87,504.7,512.95,1,2918730
19/12/2014,516.35,517.72,506.9106,511.51,3680148,516.35,0,517.72,506.9106,511.51,1,3680148
22/12/2014,524.87,526.46,516.08,516.08,2723599,524.87,0,526.46,516.08,516.08,1,2723599
23/12/2014,530.59,534.56,526.29,527,2191567,530.59,0,534.56,526.29,527,1,2191567
24/12/2014,528.77,531.759,527.02,530.51,704035,528.77,0,531.759,527.02,530.51,1,704035
26/12/2014,534.03,534.25,527.31,528.77,1037727,534.03,0,534.25,527.31,528.77,1,1037727
29/12/2014,530.33,535.48,530.011,532.19,2276104,530.33,0,535.48,530.011,532.19,1,2276104
30/12/2014,530.42,531.15,527.13,528.09,873923,530.42,0,531.15,527.13,528.09,1,873923
31/12/2014,526.4,532.6,525.8,531.25,1371819,526.4,0,532.6,525.8,531.25,1,1371819
02/01/2015,524.81,531.27,524.1,529.01,1446662,524.81,0,531.27,524.1,529.01,1,1446662
05/01/2015,513.87,524.33,513.06,523.26,2054238,513.87,0,524.33,513.06,523.26,1,2054238
06/01/2015,501.96,516.175,501.05,515,2891950,501.96,0,516.175,501.05,515,1,2891950
07/01/2015,501.1,507.244,499.65,507,2059366,501.1,0,507.244,499.65,507,1,2059366
08/01/2015,502.68,503.48,491,497.99,3344395,502.68,0,503.48,491,497.99,1,3344395
09/01/2015,496.17,504.92,494.79,504.76,2054956,496.17,0,504.92,494.79,504.76,1,2054956
12/01/2015,492.55,495.976,487.56,494.94,2320446,492.55,0,495.976,487.56,494.94,1,2320446
13/01/2015,496.18,502.98,492.39,498.84,2365687,496.18,0,502.98,492.39,498.84,1,2365687
14/01/2015,500.87,503.23,493,494.65,2229638,500.87,0,503.23,493,494.65,1,2229638
15/01/2015,501.79,505.68,497.76,505.57,2711355,501.79,0,505.68,497.76,505.57,1,2711355
16/01/2015,508.08,508.19,500,500.01,2292043,508.08,0,508.19,500,500.01,1,2292043
20/01/2015,506.9,512.5,506.016,511,2225922,506.9,0,512.5,506.016,511,1,2225922
21/01/2015,518.04,519.28,506.2,507.25,2262455,518.04,0,519.28,506.2,507.25,1,2262455
22/01/2015,534.39,536.33,519.7,521.48,2669558,534.39,0,536.33,519.7,521.48,1,2669558
23/01/2015,539.95,542.17,533,535.59,2275485,539.95,0,542.17,533,535.59,1,2275485
26/01/2015,535.21,539,529.67,538.53,1539524,535.21,0,539,529.67,538.53,1,1539524
27/01/2015,518.63,530.7,518.19,529.97,1898844,518.63,0,530.7,518.19,529.97,1,1898844
28/01/2015,510,522.99,510,522.78,1679230,510,0,522.99,510,522.78,1,1679230
29/01/2015,510.66,511.09,501.2,511,4174924,510.66,0,511.09,501.2,511,1,4174924
30/01/2015,534.52,539.87,515.52,515.86,5590977,534.52,0,539.87,515.52,515.86,1,5590977
02/02/2015,528.48,533,518.55,531.73,2841976,528.48,0,533,518.55,531.73,1,2841976
03/02/2015,529.24,533.4,523.26,528,2033085,529.24,0,533.4,523.26,528,1,2033085
04/02/2015,522.76,532.6715,521.27,529.24,1659125,522.76,0,532.6715,521.27,529.24,1,1659125
05/02/2015,527.58,528.5,522.09,523.79,1844687,527.58,0,528.5,522.09,523.79,1,1844687
06/02/2015,531,537.2,526.41,527.64,1758650,531,0,537.2,526.41,527.64,1,1758650
09/02/2015,527.83,532,526.02,528,1264276,527.83,0,532,526.02,528,1,1264276
10/02/2015,536.94,537.7,526.92,529.3,1745076,536.94,0,537.7,526.92,529.3,1,1745076
11/02/2015,535.97,538.45,533.3775,535.3,1373970,535.97,0,538.45,533.3775,535.3,1,1373970
12/02/2015,542.93,544.82,534.673,537.25,1615824,542.93,0,544.82,534.673,537.25,1,1615824
13/02/2015,549.01,549.91,543.13,543.35,1895126,549.01,0,549.91,543.13,543.35,1,1895126
17/02/2015,542.84,550,541.09,546.83,1612439,542.84,0,550,541.09,546.83,1,1612439
18/02/2015,539.7,545.49,537.51,541.4,1449089,539.7,0,545.49,537.51,541.4,1,1449089
19/02/2015,542.87,543.11,538.01,538.04,987478,542.87,0,543.11,538.01,538.04,1,987478
20/02/2015,538.95,543.75,535.8,543.13,1441212,538.95,0,543.75,535.8,543.13,1,1441212
23/02/2015,531.91,536.439,529.41,536.05,1453907,531.91,0,536.439,529.41,536.05,1,1453907
24/02/2015,536.09,536.79,528.25,530,1002393,536.09,0,536.79,528.25,530,1,1002393
25/02/2015,543.87,546.22,535.445,535.9,1821041,543.87,0,546.22,535.445,535.9,1,1821041
26/02/2015,555.48,556.14,541.5,543.21,2305219,555.48,0,556.14,541.5,543.21,1,2305219
27/02/2015,558.4,564.71,552.9,554.24,2403553,558.4,0,564.71,552.9,554.24,1,2403553
02/03/2015,571.34,572.15,558.75,560.53,2123796,571.34,0,572.15,558.75,560.53,1,2123796
03/03/2015,573.64,575.39,566.52,570.45,1700084,573.64,0,575.39,566.52,570.45,1,1700084
04/03/2015,573.37,577.11,568.01,571.87,1871694,573.37,0,577.11,568.01,571.87,1,1871694
05/03/2015,575.33,577.91,573.41,575.02,1385818,575.33,0,577.91,573.41,575.02,1,1385818
06/03/2015,567.685,576.6799,566.76,574.88,1654561,567.685,0,576.6799,566.76,574.88,1,1654561
09/03/2015,568.85,570.27,563.535,566.86,1059336,568.85,0,570.27,563.535,566.86,1,1059336
10/03/2015,555.01,564.85,554.73,564.25,1787357,555.01,0,564.85,554.73,564.25,1,1787357
11/03/2015,551.18,558.14,550.68,555.14,1815763,551.18,0,558.14,550.68,555.14,1,1815763
12/03/2015,555.51,556.37,550.46,553.51,1385772,555.51,0,556.37,550.46,553.51,1,1385772
13/03/2015,547.32,558.4,544.22,553.5,1698872,547.32,0,558.4,544.22,553.5,1,1698872
16/03/2015,554.51,556.85,546,550.95,1636493,554.51,0,556.85,546,550.95,1,1636493
17/03/2015,550.84,553.8,548,551.71,1800570,550.84,0,553.8,548,551.71,1,1800570
18/03/2015,559.5,559.78,547.0001,552.5,2128714,559.5,0,559.78,547.0001,552.5,1,2128714
19/03/2015,557.99,560.8,556.145,559.39,1194049,557.99,0,560.8,556.145,559.39,1,1194049
20/03/2015,560.36,561.72,559.05,561.65,2609690,560.36,0,561.72,559.05,561.65,1,2609690
23/03/2015,558.81,562.36,555.83,560.43,1639306,558.81,0,562.36,555.83,560.43,1,1639306
24/03/2015,570.19,574.59,561.21,562.56,2576234,570.19,0,574.59,561.21,562.56,1,2576234
25/03/2015,558.785,572.26,558.74,570.5,2146384,558.785,0,572.26,558.74,570.5,1,2146384
26/03/2015,555.17,558.9,550.65,557.59,1568331,555.17,0,558.9,550.65,557.59,1,1568331
27/03/2015,548.34,555.28,548.13,553,1892323,548.34,0,555.28,548.13,553,1,1892323
30/03/2015,552.03,553.47,548.17,551.62,1283958,552.03,0,553.47,548.17,551.62,1,1283958
31/03/2015,548,554.71,546.72,550,1583677,548,0,554.71,546.72,550,1,1583677
01/04/2015,542.56,551.14,539.5,548.6,1957718,542.56,0,551.14,539.5,548.6,1,1957718
02/04/2015,535.53,540.85,533.8467,540.85,1711737,535.53,0,540.85,533.8467,540.85,1,1711737
06/04/2015,536.765,538.41,529.57,532.22,1320767,536.765,0,538.41,529.57,532.22,1,1320767
07/04/2015,537.02,542.69,536,538.08,1299298,537.02,0,542.69,536,538.08,1,1299298
08/04/2015,541.61,543.85,538.38,538.38,1175332,541.61,0,543.85,538.38,538.38,1,1175332
09/04/2015,540.78,541.95,535.49,541.03,1553586,540.78,0,541.95,535.49,541.03,1,1553586
10/04/2015,540.01,542.29,537.31,542.29,1405574,540.01,0,542.29,537.31,542.29,1,1405574
13/04/2015,539.17,544.06,537.31,538.41,1640809,539.17,0,544.06,537.31,538.41,1,1640809
14/04/2015,530.39,537.5699,528.0925,536.25,2597043,530.39,0,537.5699,528.0925,536.25,1,2597043
15/04/2015,532.53,534.73,523.22,528.7,2312512,532.53,0,534.73,523.22,528.7,1,2312512
16/04/2015,533.8,535.59,529.61,529.9,1296304,533.8,0,535.59,529.61,529.9,1,1296304
17/04/2015,524.05,529.84,521.01,528.66,2145955,524.05,0,529.84,521.01,528.66,1,2145955
20/04/2015,535.38,536.09,524.5,525.6,1675487,535.38,0,536.09,524.5,525.6,1,1675487
21/04/2015,533.97,539.39,533.675,537.51,1839668,533.97,0,539.39,533.675,537.51,1,1839668
22/04/2015,539.365,541.08,531.75,534.4,1589248,539.365,0,541.08,531.75,534.4,1,1589248
23/04/2015,547,550.96,540.23,541,4173376,547,0,550.96,540.23,541,1,4173376
24/04/2015,565.06,571.14,557.25,566.1,4919031,565.06,0,571.14,557.25,566.1,1,4919031
27/04/2015,555.37,565.95,553.2001,563.39,2398039,555.37,0,565.95,553.2001,563.39,1,2398039
28/04/2015,553.68,556.02,550.366,554.64,1490983,553.68,0,556.02,550.366,554.64,1,1490983
29/04/2015,549.08,553.68,546.905,550.47,1698761,549.08,0,553.68,546.905,550.47,1,1698761
30/04/2015,537.34,548.59,535.05,547.87,2082214,537.34,0,548.59,535.05,547.87,1,2082214
01/05/2015,537.9,539.54,532.1,538.43,1768181,537.9,0,539.54,532.1,538.43,1,1768181
04/05/2015,540.78,544.07,535.06,538.53,1307960,540.78,0,544.07,535.06,538.53,1,1307960
05/05/2015,530.8,539.74,530.3906,538.21,1383068,530.8,0,539.74,530.3906,538.21,1,1383068
06/05/2015,524.22,532.38,521.085,531.24,1566987,524.22,0,532.38,521.085,531.24,1,1566987
07/05/2015,530.7,533.46,521.75,523.99,1546278,530.7,0,533.46,521.75,523.99,1,1546278
08/05/2015,538.22,541.15,536,536.65,1527615,538.22,0,541.15,536,536.65,1,1527615
11/05/2015,535.7,541.98,535.4,538.37,905285,535.7,0,541.98,535.4,538.37,1,905285
12/05/2015,529.04,533.2089,525.26,531.6,1634174,529.04,0,533.2089,525.26,531.6,1,1634174
13/05/2015,529.62,534.3215,528.655,530.56,1253063,529.62,0,534.3215,528.655,530.56,1,1253063
14/05/2015,538.4,539,532.41,533.77,1403935,538.4,0,539,532.41,533.77,1,1403935
15/05/2015,533.85,539.2743,530.38,539.18,1971343,533.85,0,539.2743,530.38,539.18,1,1971343
18/05/2015,532.3,534.82,528.85,532.01,2003421,532.3,0,534.82,528.85,532.01,1,2003421
19/05/2015,537.36,540.66,533.04,533.98,1966947,537.36,0,540.66,533.04,533.98,1,1966947
20/05/2015,539.27,542.92,532.972,538.49,1430826,539.27,0,542.92,532.972,538.49,1,1430826
21/05/2015,542.51,543.8399,535.98,537.95,1462695,542.51,0,543.8399,535.98,537.95,1,1462695
22/05/2015,540.11,544.19,539.51,540.15,1176214,540.11,0,544.19,539.51,540.15,1,1176214
26/05/2015,532.32,539,529.88,538.12,2406512,532.32,0,539,529.88,538.12,1,2406512
27/05/2015,539.79,540.55,531.71,532.8,1525019,539.79,0,540.55,531.71,532.8,1,1525019
28/05/2015,539.78,540.61,536.25,538.01,1029849,539.78,0,540.61,536.25,538.01,1,1029849
29/05/2015,532.11,538.63,531.45,537.37,2597407,532.11,0,538.63,531.45,537.37,1,2597407
01/06/2015,533.99,536.79,529.76,536.79,1904332,533.99,0,536.79,529.76,536.79,1,1904332
02/06/2015,539.18,543,531.33,532.93,1938989,539.18,0,543,531.33,532.93,1,1938989
03/06/2015,540.31,543.5,537.11,539.91,1717036,540.31,0,543.5,537.11,539.91,1,1717036
04/06/2015,536.7,540.59,534.32,537.76,1348337,536.7,0,540.59,534.32,537.76,1,1348337
05/06/2015,533.33,537.2,532.52,536.35,1388220,533.33,0,537.2,532.52,536.35,1,1388220
08/06/2015,526.83,534.12,526.24,533.31,1524139,526.83,0,534.12,526.24,533.31,1,1524139
09/06/2015,526.69,529.2,523.01,527.56,1455266,526.69,0,529.2,523.01,527.56,1,1455266
10/06/2015,536.69,538.36,529.35,529.36,1814958,536.69,0,538.36,529.35,529.36,1,1814958
11/06/2015,534.61,538.98,533.02,538.425,1217536,534.61,0,538.98,533.02,538.425,1,1217536
12/06/2015,532.33,533.12,530.16,531.6,955789,532.33,0,533.12,530.16,531.6,1,955789
15/06/2015,527.2,528.3,524,528,1632702,527.2,0,528.3,524,528,1,1632702
16/06/2015,528.15,529.6399,525.56,528.4,1071814,528.15,0,529.6399,525.56,528.4,1,1071814
17/06/2015,529.26,530.98,525.1,529.37,1294216,529.26,0,530.98,525.1,529.37,1,1294216
18/06/2015,536.73,538.15,530.79,531,1833109,536.73,0,538.15,530.79,531,1,1833109
19/06/2015,536.69,538.25,533.01,537.21,1893497,536.69,0,538.25,533.01,537.21,1,1893497
22/06/2015,538.19,543.74,537.53,539.59,1250282,538.19,0,543.74,537.53,539.59,1,1250282
23/06/2015,540.48,541.499,535.25,539.64,1197450,540.48,0,541.499,535.25,539.64,1,1197450
24/06/2015,537.84,540,535.66,540,1286608,537.84,0,540,535.66,540,1,1286608
25/06/2015,535.23,540.9,535.23,538.87,1335697,535.23,0,540.9,535.23,538.87,1,1335697
26/06/2015,531.69,537.76,531.35,537.26,2109130,531.69,0,537.76,531.35,537.26,1,2109130
29/06/2015,521.52,528.61,520.54,525.01,1937821,521.52,0,528.61,520.54,525.01,1,1937821
30/06/2015,520.51,526.25,520.5,526.02,2235595,520.51,0,526.25,520.5,526.02,1,2235595
01/07/2015,521.84,525.69,518.2305,524.73,1961354,521.84,0,525.69,518.2305,524.73,1,1961354
02/07/2015,523.4,524.65,521.08,521.08,1235903,523.4,0,524.65,521.08,521.08,1,1235903
06/07/2015,522.86,525.25,519,519.5,1280525,522.86,0,525.25,519,519.5,1,1280525
07/07/2015,525.02,526.18,515.18,523.13,1597229,525.02,0,526.18,515.18,523.13,1,1597229
08/07/2015,516.83,522.734,516.11,521.05,1296699,516.83,0,522.734,516.11,521.05,1,1296699
09/07/2015,520.68,523.77,520.35,523.12,1842347,520.68,0,523.77,520.35,523.12,1,1842347
10/07/2015,530.13,532.56,525.55,526.29,1956682,530.13,0,532.56,525.55,526.29,1,1956682
13/07/2015,546.55,547.11,532.4001,532.88,2206475,546.55,0,547.11,532.4001,532.88,1,2206475
14/07/2015,561.1,565.8487,546.71,546.76,3244066,561.1,0,565.8487,546.71,546.76,1,3244066
15/07/2015,560.22,566.5029,556.79,560.13,1784554,560.22,0,566.5029,556.79,560.13,1,1784554
16/07/2015,579.85,580.68,565,565.12,4768318,579.85,0,580.68,565,565.12,1,4768318
17/07/2015,672.93,674.468,645,649,11164943,672.93,0,674.468,645,649,1,11164943
20/07/2015,663.02,668.88,653.01,659.24,5860872,663.02,0,668.88,653.01,659.24,1,5860872
21/07/2015,662.3,673,654.3,655.21,3377196,662.3,0,673,654.3,655.21,1,3377196
22/07/2015,662.1,678.64,659,660.89,3929309,662.1,0,678.64,659,660.89,1,3929309
23/07/2015,644.28,663.63,641,661.27,3029109,644.28,0,663.63,641,661.27,1,3029109
24/07/2015,623.56,648.17,622.52,647,3625747,623.56,0,648.17,622.52,647,1,3625747
27/07/2015,627.26,634.3,620.5,621,2675381,627.26,0,634.3,620.5,621,1,2675381
28/07/2015,628,632.83,623.31,632.83,1727327,628,0,632.83,623.31,632.83,1,1727327
29/07/2015,631.93,633.36,622.65,628.8,1575069,631.93,0,633.36,622.65,628.8,1,1575069
30/07/2015,632.59,635.22,622.05,630,1474203,632.59,0,635.22,622.05,630,1,1474203
31/07/2015,625.61,632.91,625.5,631.38,1706149,625.61,0,632.91,625.5,631.38,1,1706149
03/08/2015,631.21,633.0556,625.34,625.34,1304511,631.21,0,633.0556,625.34,625.34,1,1304511
04/08/2015,629.25,634.81,627.16,628.42,1490881,629.25,0,634.81,627.16,628.42,1,1490881
05/08/2015,643.78,647.86,633.16,634.33,2008659,643.78,0,647.86,633.16,634.33,1,2008659
06/08/2015,642.68,645.379,632.25,645,1572600,642.68,0,645.379,632.25,645,1,1572600
07/08/2015,635.3,642.68,629.71,640.23,1403865,635.3,0,642.68,629.71,640.23,1,1403865
10/08/2015,633.73,643.44,631.249,639.48,1809205,633.73,0,643.44,631.249,639.48,1,1809205
11/08/2015,660.78,674.9,654.27,669.2,5029203,660.78,0,674.9,654.27,669.2,1,5029203
12/08/2015,659.56,665,652.29,663.08,2940803,659.56,0,665,652.29,663.08,1,2940803
13/08/2015,656.45,664.5,651.661,659.3225,1810749,656.45,0,664.5,651.661,659.3225,1,1810749
14/08/2015,657.12,659.855,652.66,655.01,1072061,657.12,0,659.855,652.66,655.01,1,1072061
17/08/2015,660.87,661.38,651.24,656.8,1051699,660.87,0,661.38,651.24,656.8,1,1051699
18/08/2015,656.13,664,653.46,661.9,1456059,656.13,0,664,653.46,661.9,1,1456059
19/08/2015,660.9,667,654.19,656.6,2134098,660.9,0,667,654.19,656.6,1,2134098
20/08/2015,646.83,662.99,642.9,655.46,2855299,646.83,0,662.99,642.9,655.46,1,2855299
21/08/2015,612.48,640.05,612.33,639.78,4265183,612.48,0,640.05,612.33,639.78,1,4265183
24/08/2015,589.61,614,565.05,573,5770302,589.61,0,614,565.05,573,1,5770302
25/08/2015,582.06,617.45,581.11,614.91,3537966,582.06,0,617.45,581.11,614.91,1,3537966
26/08/2015,628.62,631.71,599.05,610.35,4235891,628.62,0,631.71,599.05,610.35,1,4235891
27/08/2015,637.61,643.59,622,639.4,3491336,637.61,0,643.59,622,639.4,1,3491336
28/08/2015,630.38,636.88,624.56,632.82,1978733,630.38,0,636.88,624.56,632.82,1,1978733
31/08/2015,618.25,635.8,617.68,627.54,2176737,618.25,0,635.8,617.68,627.54,1,2176737
01/09/2015,597.79,612.86,594.1,602.36,3702105,597.79,0,612.86,594.1,602.36,1,3702105
02/09/2015,614.34,614.34,599.71,605.68,2575620,614.34,0,614.34,599.71,605.68,1,2575620
03/09/2015,606.25,619.71,602.8213,617,1759572,606.25,0,619.71,602.8213,617,1,1759572
04/09/2015,600.7,603.47,595.25,600,2089453,600.7,0,603.47,595.25,600,1,2089453
08/09/2015,614.66,616.31,604.12,612.49,2279538,614.66,0,616.31,604.12,612.49,1,2279538
09/09/2015,612.72,626.52,609.6,621.22,1702094,612.72,0,626.52,609.6,621.22,1,1702094
10/09/2015,621.35,624.16,611.43,613.1,1905276,621.35,0,624.16,611.43,613.1,1,1905276
11/09/2015,625.77,625.78,617.42,619.75,1373545,625.77,0,625.78,617.42,619.75,1,1373545
14/09/2015,623.24,625.86,619.43,625.7,1702271,623.24,0,625.86,619.43,625.7,1,1702271
15/09/2015,635.14,638.7,623.78,626.7,2084397,635.14,0,638.7,623.78,626.7,1,2084397
16/09/2015,635.98,637.95,632.32,635.47,1286454,635.98,0,637.95,632.32,635.47,1,1286454
17/09/2015,642.9,650.9,635.02,637.79,2274690,642.9,0,650.9,635.02,637.79,1,2274690
18/09/2015,629.25,640,627.02,636.79,5133386,629.25,0,640,627.02,636.79,1,5133386
21/09/2015,635.44,636.49,625.94,634.4,1788506,635.44,0,636.49,625.94,634.4,1,1788506
22/09/2015,622.69,627.55,615.43,627,2562869,622.69,0,627.55,615.43,627,1,2562869
23/09/2015,622.36,628.93,620,622.05,1470949,622.36,0,628.93,620,622.05,1,1470949
24/09/2015,625.8,627.32,612.4,616.64,2240098,625.8,0,627.32,612.4,616.64,1,2240098
25/09/2015,611.97,629.77,611,629.77,2174009,611.97,0,629.77,611,629.77,1,2174009
28/09/2015,594.89,614.605,589.38,610.34,3110651,594.89,0,614.605,589.38,610.34,1,3110651
29/09/2015,594.97,605,590.22,597.28,2310284,594.97,0,605,590.22,597.28,1,2310284
30/09/2015,608.42,608.76,600.73,603.28,2332087,608.42,0,608.76,600.73,603.28,1,2332087
01/10/2015,611.29,612.09,599.85,608.37,1867601,611.29,0,612.09,599.85,608.37,1,1867601
02/10/2015,626.91,627.34,603.13,607.2,2684805,626.91,0,627.34,603.13,607.2,1,2684805
05/10/2015,641.47,643.01,627,632,1803643,641.47,0,643.01,627,632,1,1803643
06/10/2015,645.44,649.25,636.5295,638.84,2236847,645.44,0,649.25,636.5295,638.84,1,2236847
07/10/2015,642.36,650.609,632.15,649.24,2092714,642.36,0,650.609,632.15,649.24,1,2092714
08/10/2015,639.16,644.45,625.56,641.36,2182081,639.16,0,644.45,625.56,641.36,1,2182081
09/10/2015,643.61,645.99,635.318,640,1648736,643.61,0,645.99,635.318,640,1,1648736
12/10/2015,646.67,648.5,639.01,642.09,1276134,646.67,0,648.5,639.01,642.09,1,1276134
13/10/2015,652.3,657.8125,643.15,643.15,1807685,652.3,0,657.8125,643.15,643.15,1,1807685
14/10/2015,651.16,659.39,648.85,653.21,1415468,651.16,0,659.39,648.85,653.21,1,1415468
15/10/2015,661.74,663.13,654.46,654.66,1885737,661.74,0,663.13,654.46,654.66,1,1885737
16/10/2015,662.2,664.97,657.2,664.11,1611128,662.2,0,664.97,657.2,664.11,1,1611128
19/10/2015,666.1,666.82,659.58,661.18,1477340,666.1,0,666.82,659.58,661.18,1,1477340
20/10/2015,650.28,664.7197,644.195,664.04,2498215,650.28,0,664.7197,644.195,664.04,1,2498215
21/10/2015,642.61,655.87,641.73,654.15,1794172,642.61,0,655.87,641.73,654.15,1,1794172
22/10/2015,651.79,657.8,644.01,646.7,4070954,651.79,0,657.8,644.01,646.7,1,4070954
23/10/2015,702,730,701.5,727.5,6653923,702,0,730,701.5,727.5,1,6653923
26/10/2015,712.78,719.15,701.26,701.55,2716615,712.78,0,719.15,701.26,701.55,1,2716615
27/10/2015,708.49,713.62,704.55,707.38,2245796,708.49,0,713.62,704.55,707.38,1,2245796
28/10/2015,712.95,712.98,703.08,707.33,2178917,712.95,0,712.98,703.08,707.33,1,2178917
29/10/2015,716.92,718.26,710.01,710.5,1455965,716.92,0,718.26,710.01,710.5,1,1455965
30/10/2015,710.81,718,710.05,715.73,1908774,710.81,0,718,710.05,715.73,1,1908774
02/11/2015,721.11,721.62,705.85,711.06,1886250,721.11,0,721.62,705.85,711.06,1,1886250
03/11/2015,722.16,724.65,714.72,718.86,1565379,722.16,0,724.65,714.72,718.86,1,1565379
04/11/2015,728.11,733.1,721.9,722,1706700,728.11,0,733.1,721.9,722,1,1706700
05/11/2015,731.25,739.48,729.47,729.47,1861550,731.25,0,739.48,729.47,729.47,1,1861550
06/11/2015,733.76,735.41,727.01,731.5,1511599,733.76,0,735.41,727.01,731.5,1,1511599
09/11/2015,724.89,734.71,719.43,730.2,2069807,724.89,0,734.71,719.43,730.2,1,2069807
10/11/2015,728.32,730.59,718.5001,724.4,1607994,728.32,0,730.59,718.5001,724.4,1,1607994
11/11/2015,735.4,741,730.23,732.46,1366995,735.4,0,741,730.23,732.46,1,1366995
12/11/2015,731.23,737.8,728.645,731,1837154,731.23,0,737.8,728.645,731,1,1837154
13/11/2015,717,731.15,716.73,729.17,2075504,717,0,731.15,716.73,729.17,1,2075504
16/11/2015,728.96,729.49,711.33,715.6,1905893,728.96,0,729.49,711.33,715.6,1,1905893
17/11/2015,725.3,731.845,723.027,729.29,1506733,725.3,0,731.845,723.027,729.29,1,1506733
18/11/2015,740,741.41,727,727.58,1684259,740,0,741.41,727,727.58,1,1684259
19/11/2015,738.41,742,737.43,738.74,1327879,738.41,0,742,737.43,738.74,1,1327879
20/11/2015,756.6,757.92,743,746.53,2213284,756.6,0,757.92,743,746.53,1,2213284
23/11/2015,755.98,762.7075,751.82,757.45,1415385,755.98,0,762.7075,751.82,757.45,1,1415385
24/11/2015,748.28,755.279,737.63,752,2334197,748.28,0,755.279,737.63,752,1,2334197
25/11/2015,748.15,752,746.06,748.14,1122224,748.15,0,752,746.06,748.14,1,1122224
27/11/2015,750.26,753.41,747.49,748.46,838528,750.26,0,753.41,747.49,748.46,1,838528
30/11/2015,742.6,754.93,741.27,748.81,2097624,742.6,0,754.93,741.27,748.81,1,2097624
01/12/2015,767.04,768.95,746.7,747.11,2134621,767.04,0,768.95,746.7,747.11,1,2134621
02/12/2015,762.38,775.955,758.96,768.9,2230373,762.38,0,775.955,758.96,768.9,1,2230373
03/12/2015,752.54,768.995,745.63,766.01,2590641,752.54,0,768.995,745.63,766.01,1,2590641
04/12/2015,766.81,768.49,750,753.1,2757283,766.81,0,768.49,750,753.1,1,2757283
07/12/2015,763.25,768.73,755.09,767.77,1812314,763.25,0,768.73,755.09,767.77,1,1812314
08/12/2015,762.37,764.8,754.2,757.89,1829475,762.37,0,764.8,754.2,757.89,1,1829475
09/12/2015,751.61,764.23,737.001,759.17,2699990,751.61,0,764.23,737.001,759.17,1,2699990
10/12/2015,749.46,755.85,743.83,752.85,1988380,749.46,0,755.85,743.83,752.85,1,1988380
11/12/2015,738.87,745.71,736.75,741.16,2224410,738.87,0,745.71,736.75,741.16,1,2224410
14/12/2015,747.77,748.73,724.17,741.79,2421236,747.77,0,748.73,724.17,741.79,1,2421236
15/12/2015,743.4,758.08,743.01,753,2666229,743.4,0,758.08,743.01,753,1,2666229
16/12/2015,758.09,760.59,739.435,750,1993251,758.09,0,760.59,739.435,750,1,1993251
17/12/2015,749.43,762.68,749,762.42,1553418,749.43,0,762.68,749,762.42,1,1553418
18/12/2015,739.31,754.13,738.15,746.51,3148743,739.31,0,754.13,738.15,746.51,1,3148743
21/12/2015,747.77,750,740,746.13,1525703,747.77,0,750,740,746.13,1,1525703
22/12/2015,750,754.85,745.53,751.65,1365520,750,0,754.85,745.53,751.65,1,1365520
23/12/2015,750.31,754.21,744,753.47,1566726,750.31,0,754.21,744,753.47,1,1566726
24/12/2015,748.4,751.35,746.62,749.55,527223,748.4,0,751.35,746.62,749.55,1,527223
28/12/2015,762.51,762.99,749.52,752.92,1515716,762.51,0,762.99,749.52,752.92,1,1515716
29/12/2015,776.6,779.98,766.43,766.69,1765012,776.6,0,779.98,766.43,766.69,1,1765012
30/12/2015,771,777.6,766.9,776.6,1293521,771,0,777.6,766.9,776.6,1,1293521
31/12/2015,758.88,769.5,758.34,769.5,1500923,758.88,0,769.5,758.34,769.5,1,1500923
04/01/2016,741.84,744.06,731.2577,743,3272776,741.84,0,744.06,731.2577,743,1,3272776
05/01/2016,742.58,752,738.64,746.45,1950691,742.58,0,752,738.64,746.45,1,1950691
06/01/2016,743.62,747.18,728.92,730,1947034,743.62,0,747.18,728.92,730,1,1947034
07/01/2016,726.39,738.5,719.06,730.31,2963741,726.39,0,738.5,719.06,730.31,1,2963741
08/01/2016,714.47,733.23,713,731.45,2450857,714.47,0,733.23,713,731.45,1,2450857
11/01/2016,716.03,718.855,703.54,716.61,2090621,716.03,0,718.855,703.54,716.61,1,2090621
12/01/2016,726.07,728.75,717.3165,721.68,2024509,726.07,0,728.75,717.3165,721.68,1,2024509
13/01/2016,700.56,734.74,698.61,730.85,2501730,700.56,0,734.74,698.61,730.85,1,2501730
14/01/2016,714.72,721.925,689.1,705.38,2225768,714.72,0,721.925,689.1,705.38,1,2225768
15/01/2016,694.45,706.74,685.37,692.29,3608109,694.45,0,706.74,685.37,692.29,1,3608109
19/01/2016,701.79,709.98,693.4101,703.3,2268078,701.79,0,709.98,693.4101,703.3,1,2268078
20/01/2016,698.45,706.85,673.26,688.61,3444962,698.45,0,706.85,673.26,688.61,1,3444962
21/01/2016,706.59,719.19,694.46,702.18,2412211,706.59,0,719.19,694.46,702.18,1,2412211
22/01/2016,725.25,728.13,720.121,723.6,2011797,725.25,0,728.13,720.121,723.6,1,2011797
25/01/2016,711.67,729.68,710.01,723.58,1711716,711.67,0,729.68,710.01,723.58,1,1711716
26/01/2016,713.04,718.28,706.48,713.85,1331691,713.04,0,718.28,706.48,713.85,1,1331691
27/01/2016,699.99,718.235,694.39,713.67,2194227,699.99,0,718.235,694.39,713.67,1,2194227
28/01/2016,730.96,733.69,712.35,722.22,2676397,730.96,0,733.69,712.35,722.22,1,2676397
29/01/2016,742.95,744.9899,726.8,731.53,3474319,742.95,0,744.9899,726.8,731.53,1,3474319
01/02/2016,752,757.86,743.27,750.46,5139157,752,0,757.86,743.27,750.46,1,5139157
02/02/2016,764.65,789.8699,764.65,784.5,6348126,764.65,0,789.8699,764.65,784.5,1,6348126
03/02/2016,726.95,774.5,720.5,770.22,6171019,726.95,0,774.5,720.5,770.22,1,6171019
04/02/2016,708.01,727,701.86,722.81,5168709,708.01,0,727,701.86,722.81,1,5168709
05/02/2016,683.57,703.99,680.15,703.87,5105725,683.57,0,703.99,680.15,703.87,1,5105725
08/02/2016,682.74,684.03,663.06,667.85,4247355,682.74,0,684.03,663.06,667.85,1,4247355
09/02/2016,678.11,699.9,668.77,672.32,3608914,678.11,0,699.9,668.77,672.32,1,3608914
10/02/2016,684.12,701.31,682.13,686.86,2638007,684.12,0,701.31,682.13,686.86,1,2638007
11/02/2016,683.11,689.35,668.8675,675,3024043,683.11,0,689.35,668.8675,675,1,3024043
12/02/2016,682.4,693.75,678.6,690.26,2141373,682.4,0,693.75,678.6,690.26,1,2141373
16/02/2016,691,698,685.05,692.98,2520021,691,0,698,685.05,692.98,1,2520021
17/02/2016,708.4,709.75,691.38,699,2492634,708.4,0,709.75,691.38,699,1,2492634
18/02/2016,697.35,712.35,696.03,710,1883248,697.35,0,712.35,696.03,710,1,1883248
19/02/2016,700.91,703.0805,694.05,695.03,1589281,700.91,0,703.0805,694.05,695.03,1,1589281
22/02/2016,706.46,713.24,702.51,707.45,1949816,706.46,0,713.24,702.51,707.45,1,1949816
23/02/2016,695.85,708.4,693.58,701.45,2009280,695.85,0,708.4,693.58,701.45,1,2009280
24/02/2016,699.56,700,680.78,688.92,1963573,699.56,0,700,680.78,688.92,1,1963573
25/02/2016,705.75,705.98,690.585,700.01,1642166,705.75,0,705.98,690.585,700.01,1,1642166
26/02/2016,705.07,713.43,700.86,708.58,2243522,705.07,0,713.43,700.86,708.58,1,2243522
29/02/2016,697.77,710.89,697.68,700.32,2481145,697.77,0,710.89,697.68,700.32,1,2481145
01/03/2016,718.81,718.81,699.77,703.62,2151419,718.81,0,718.81,699.77,703.62,1,2151419
02/03/2016,718.85,720,712,719,1629003,718.85,0,720,712,719,1,1629003
03/03/2016,712.42,719.45,706.02,718.68,1957974,712.42,0,719.45,706.02,718.68,1,1957974
04/03/2016,710.89,716.49,706.02,714.99,1972077,710.89,0,716.49,706.02,714.99,1,1972077
07/03/2016,695.16,708.0912,686.9,706.9,2988026,695.16,0,708.0912,686.9,706.9,1,2988026
08/03/2016,693.97,703.79,685.34,688.59,2058471,693.97,0,703.79,685.34,688.59,1,2058471
09/03/2016,705.24,705.68,694,698.47,1421515,705.24,0,705.68,694,698.47,1,1421515
10/03/2016,712.82,716.44,703.36,708.12,2833525,712.82,0,716.44,703.36,708.12,1,2833525
11/03/2016,726.82,726.92,717.125,720,1970815,726.82,0,726.92,717.125,720,1,1970815
14/03/2016,730.49,735.5,725.15,726.81,1718252,730.49,0,735.5,725.15,726.81,1,1718252
15/03/2016,728.33,732.29,724.77,726.92,1720965,728.33,0,732.29,724.77,726.92,1,1720965
16/03/2016,736.09,737.47,724.51,726.37,1624370,736.09,0,737.47,724.51,726.37,1,1624370
17/03/2016,737.78,743.07,736,736.45,1860834,737.78,0,743.07,736,736.45,1,1860834
18/03/2016,737.6,742,731.83,741.86,2980709,737.6,0,742,731.83,741.86,1,2980709
21/03/2016,742.09,742.5,733.5157,736.5,1836503,742.09,0,742.5,733.5157,736.5,1,1836503
22/03/2016,740.75,745,737.46,737.46,1269749,740.75,0,745,737.46,737.46,1,1269749
23/03/2016,738.06,745.7199,736.15,742.36,1432099,738.06,0,745.7199,736.15,742.36,1,1432099
24/03/2016,735.3,737.747,731,732.01,1594891,735.3,0,737.747,731,732.01,1,1594891
28/03/2016,733.53,738.99,732.5,736.79,1301327,733.53,0,738.99,732.5,736.79,1,1301327
29/03/2016,744.77,747.25,728.76,734.59,1903758,744.77,0,747.25,728.76,734.59,1,1903758
30/03/2016,750.53,757.88,748.74,750.1,1782427,750.53,0,757.88,748.74,750.1,1,1782427
31/03/2016,744.95,750.85,740.94,749.25,1718798,744.95,0,750.85,740.94,749.25,1,1718798
01/04/2016,749.91,750.34,737,738.6,1576745,749.91,0,750.34,737,738.6,1,1576745
04/04/2016,745.29,752.8,742.43,750.06,1134390,745.29,0,752.8,742.43,750.06,1,1134390
05/04/2016,737.8,742.8,735.37,738,1132294,737.8,0,742.8,735.37,738,1,1132294
06/04/2016,745.69,746.24,735.56,735.77,1053713,745.69,0,746.24,735.56,735.77,1,1053713
07/04/2016,740.28,746.9999,736.28,745.37,1453185,740.28,0,746.9999,736.28,745.37,1,1453185
08/04/2016,739.15,745.45,735.55,743.97,1290787,739.15,0,745.45,735.55,743.97,1,1290787
11/04/2016,736.1,745,736.05,743.02,1220088,736.1,0,745,736.05,743.02,1,1220088
12/04/2016,743.09,743.83,731.01,738,1352992,743.09,0,743.83,731.01,738,1,1352992
13/04/2016,751.72,754.38,744.261,749.16,1707641,751.72,0,754.38,744.261,749.16,1,1707641
14/04/2016,753.2,757.31,752.705,754.01,1135271,753.2,0,757.31,752.705,754.01,1,1135271
15/04/2016,759,761,752.6938,753.98,1809332,759,0,761,752.6938,753.98,1,1809332
18/04/2016,766.61,768.05,757.3,760.46,1558848,766.61,0,768.05,757.3,760.46,1,1558848
19/04/2016,753.93,769.9,749.33,769.51,2030526,753.93,0,769.9,749.33,769.51,1,2030526
20/04/2016,752.67,758.1315,750.01,758,1529217,752.67,0,758.1315,750.01,758,1,1529217
21/04/2016,759.14,760.45,749.55,755.38,3060490,759.14,0,760.45,749.55,755.38,1,3060490
22/04/2016,718.77,736.12,713.61,726.3,5951938,718.77,0,736.12,713.61,726.3,1,5951938
25/04/2016,723.15,723.93,715.59,716.1,1959179,723.15,0,723.93,715.59,716.1,1,1959179
26/04/2016,708.14,725.766,703.0264,725.42,2744587,708.14,0,725.766,703.0264,725.42,1,2744587
27/04/2016,705.84,708.98,692.3651,707.29,3098587,705.84,0,708.98,692.3651,707.29,1,3098587
28/04/2016,691.02,714.17,689.55,708.26,2867255,691.02,0,714.17,689.55,708.26,1,2867255
29/04/2016,693.01,697.62,689,690.7,2487673,693.01,0,697.62,689,690.7,1,2487673
02/05/2016,698.21,700.64,691,697.63,1645265,698.21,0,700.64,691,697.63,1,1645265
03/05/2016,692.36,697.84,692,696.87,1543785,692.36,0,697.84,692,696.87,1,1543785
04/05/2016,695.7,699.75,689.01,690.49,1693525,695.7,0,699.75,689.01,690.49,1,1693525
05/05/2016,701.43,702.3199,695.72,697.7,1683507,701.43,0,702.3199,695.72,697.7,1,1683507
06/05/2016,711.12,711.86,698.1067,698.38,1829291,711.12,0,711.86,698.1067,698.38,1,1829291
09/05/2016,712.9,718.71,710,712,1510289,712.9,0,718.71,710,712,1,1510289
10/05/2016,723.18,723.5,715.72,716.75,1569591,723.18,0,723.5,715.72,716.75,1,1569591
11/05/2016,715.29,724.48,712.8,723.41,1692063,715.29,0,724.48,712.8,723.41,1,1692063
12/05/2016,713.31,719.25,709,717.06,1361332,713.31,0,719.25,709,717.06,1,1361332
13/05/2016,710.83,716.6619,709.26,711.93,1314499,710.83,0,716.6619,709.26,711.93,1,1314499
16/05/2016,716.49,718.48,705.65,709.13,1317069,716.49,0,718.48,705.65,709.13,1,1317069
17/05/2016,706.23,721.52,704.11,715.99,2001225,706.23,0,721.52,704.11,715.99,1,2001225
18/05/2016,706.63,711.6,700.63,703.67,1766836,706.63,0,711.6,700.63,703.67,1,1766836
19/05/2016,700.32,706,696.8,702.36,1670234,700.32,0,706,696.8,702.36,1,1670234
20/05/2016,709.74,714.58,700.52,701.62,1828387,709.74,0,714.58,700.52,701.62,1,1828387
23/05/2016,704.24,711.4781,704.18,706.53,1330692,704.24,0,711.4781,704.18,706.53,1,1330692
24/05/2016,720.09,720.97,706.86,706.86,1929467,720.09,0,720.97,706.86,706.86,1,1929467
25/05/2016,725.27,727.51,719.7047,720.76,1632564,725.27,0,727.51,719.7047,720.76,1,1632564
26/05/2016,724.12,728.33,720.28,722.87,1576286,724.12,0,728.33,720.28,722.87,1,1576286
27/05/2016,732.66,733.936,724,724.01,1974962,732.66,0,733.936,724,724.01,1,1974962
31/05/2016,735.72,739.73,731.26,731.74,2129545,735.72,0,739.73,731.26,731.74,1,2129545
01/06/2016,734.15,737.21,730.66,734.53,1253593,734.15,0,737.21,730.66,734.53,1,1253593
02/06/2016,730.4,733.02,724.17,732.5,1341807,730.4,0,733.02,724.17,732.5,1,1341807
03/06/2016,722.34,729.49,720.56,729.27,1226253,722.34,0,729.49,720.56,729.27,1,1226253
06/06/2016,716.55,724.91,714.61,724.91,1566059,716.55,0,724.91,714.61,724.91,1,1566059
07/06/2016,716.65,721.98,716.55,719.84,1336754,716.65,0,721.98,716.55,719.84,1,1336754
08/06/2016,728.28,728.57,720.58,723.96,1583701,728.28,0,728.57,720.58,723.96,1,1583701
09/06/2016,728.58,729.54,722.3361,722.87,988914,728.58,0,729.54,722.3361,722.87,1,988914
10/06/2016,719.41,725.89,716.43,719.47,1216443,719.41,0,725.89,716.43,719.47,1,1216443
13/06/2016,718.36,725.44,716.51,716.51,1258930,718.36,0,725.44,716.51,716.51,1,1258930
14/06/2016,718.27,722.47,713.12,716.48,1306065,718.27,0,722.47,713.12,716.48,1,1306065
15/06/2016,718.92,722.98,717.31,719,1214517,718.92,0,722.98,717.31,719,1,1214517
16/06/2016,710.36,716.65,703.26,714.91,1982471,710.36,0,716.65,703.26,714.91,1,1982471
17/06/2016,691.72,708.82,688.4515,708.65,3402357,691.72,0,708.82,688.4515,708.65,1,3402357
20/06/2016,693.71,702.48,693.41,698.77,2082538,693.71,0,702.48,693.41,698.77,1,2082538
21/06/2016,695.94,702.77,692.01,698.4,1465634,695.94,0,702.77,692.01,698.4,1,1465634
22/06/2016,697.46,700.86,693.0819,699.06,1184318,697.46,0,700.86,693.0819,699.06,1,1184318
23/06/2016,701.87,701.95,687,697.45,2171415,701.87,0,701.95,687,697.45,1,2171415
24/06/2016,675.22,689.4,673.45,675.17,4449022,675.22,0,689.4,673.45,675.17,1,4449022
27/06/2016,668.26,672.3,663.284,671,2641085,668.26,0,672.3,663.284,671,1,2641085
28/06/2016,680.04,680.33,673,678.97,2173762,680.04,0,680.33,673,678.97,1,2173762
29/06/2016,684.11,687.4292,681.41,683,1932561,684.11,0,687.4292,681.41,683,1,1932561
30/06/2016,692.1,692.32,683.65,685.47,1597714,692.1,0,692.32,683.65,685.47,1,1597714
01/07/2016,699.21,700.65,692.1301,692.2,1344710,699.21,0,700.65,692.1301,692.2,1,1344710
05/07/2016,694.49,696.94,688.88,696.06,1462616,694.49,0,696.94,688.88,696.06,1,1462616
06/07/2016,697.77,701.68,689.09,689.98,1411925,697.77,0,701.68,689.09,689.98,1,1411925
07/07/2016,695.36,698.2,688.215,698.08,1304200,695.36,0,698.2,688.215,698.08,1,1304200
08/07/2016,705.63,705.71,696.435,699.5,1575166,705.63,0,705.71,696.435,699.5,1,1575166
11/07/2016,715.09,716.51,707.24,708.05,1111762,715.09,0,716.51,707.24,708.05,1,1111762
12/07/2016,720.64,722.94,715.91,719.12,1336921,720.64,0,722.94,715.91,719.12,1,1336921
13/07/2016,716.98,724,716.85,723.62,935876,716.98,0,724,716.85,723.62,1,935876
14/07/2016,720.95,722.21,718.03,721.58,950193,720.95,0,722.21,718.03,721.58,1,950193
15/07/2016,719.85,725.74,719.055,725.73,1279339,719.85,0,725.74,719.055,725.73,1,1279339
18/07/2016,733.78,736.13,721.19,722.71,1295476,733.78,0,736.13,721.19,722.71,1,1295476
19/07/2016,736.96,736.99,729,729.89,1227486,736.96,0,736.99,729,729.89,1,1227486
20/07/2016,741.19,742.13,737.1,737.33,1289671,741.19,0,742.13,737.1,737.33,1,1289671
21/07/2016,738.63,741.69,735.831,740.36,1026306,738.63,0,741.69,735.831,740.36,1,1026306
22/07/2016,742.74,743.24,736.56,741.86,1259823,742.74,0,743.24,736.56,741.86,1,1259823
25/07/2016,739.77,742.61,737.5,740.67,1032432,739.77,0,742.61,737.5,740.67,1,1032432
26/07/2016,738.42,741.69,734.27,739.04,1186738,738.42,0,741.69,734.27,739.04,1,1186738
27/07/2016,741.77,744.46,737,738.28,1512517,741.77,0,744.46,737,738.28,1,1512517
28/07/2016,745.91,748.65,739.3,747.04,3530169,745.91,0,748.65,739.3,747.04,1,3530169
29/07/2016,768.79,778.55,766.77,772.71,3841482,768.79,0,778.55,766.77,772.71,1,3841482
01/08/2016,772.88,780.43,761.09,761.09,2700470,772.88,0,780.43,761.09,761.09,1,2700470
02/08/2016,771.07,775.84,767.85,768.69,1784525,771.07,0,775.84,767.85,768.69,1,1784525
03/08/2016,773.18,773.21,766.82,767.18,1287421,773.18,0,773.21,766.82,767.18,1,1287421
04/08/2016,771.61,774.07,768.795,772.22,1140254,771.61,0,774.07,768.795,772.22,1,1140254
05/08/2016,782.22,783.04,772.34,773.78,1801205,782.22,0,783.04,772.34,773.78,1,1801205
08/08/2016,781.76,782.63,778.091,782,1107857,781.76,0,782.63,778.091,782,1,1107857
09/08/2016,784.26,788.94,780.57,781.1,1318894,784.26,0,788.94,780.57,781.1,1,1318894
10/08/2016,784.68,786.8123,782.778,783.75,786363,784.68,0,786.8123,782.778,783.75,1,786363
11/08/2016,784.85,789.75,782.97,785,975113,784.85,0,789.75,782.97,785,1,975113
12/08/2016,783.22,783.395,780.4,781.5,740498,783.22,0,783.395,780.4,781.5,1,740498
15/08/2016,782.44,787.49,780.11,783.75,938186,782.44,0,787.49,780.11,783.75,1,938186
16/08/2016,777.14,780.98,773.444,780.3,1028047,777.14,0,780.98,773.444,780.3,1,1028047
17/08/2016,779.91,780.81,773.53,777.32,924226,779.91,0,780.81,773.53,777.32,1,924226
18/08/2016,777.5,782.86,777,780.01,719429,777.5,0,782.86,777,780.01,1,719429
19/08/2016,775.42,777.1,773.13,775,861546,775.42,0,777.1,773.13,775,1,861546
22/08/2016,772.15,774.54,770.0502,773.27,951362,772.15,0,774.54,770.0502,773.27,1,951362
23/08/2016,772.08,776.44,771.785,775.48,928232,772.08,0,776.44,771.785,775.48,1,928232
24/08/2016,769.64,774.5,767.07,770.58,1071999,769.64,0,774.5,767.07,770.58,1,1071999
25/08/2016,769.41,771.89,763.1846,767,926883,769.41,0,771.89,763.1846,767,1,926883
26/08/2016,769.54,776.0799,765.85,769,1166681,769.54,0,776.0799,765.85,769,1,1166681
29/08/2016,772.15,774.99,766.615,768.74,847565,772.15,0,774.99,766.615,768.74,1,847565
30/08/2016,769.09,774.466,766.84,769.33,1130029,769.09,0,774.466,766.84,769.33,1,1130029
31/08/2016,767.05,769.09,765.38,767.01,1248556,767.05,0,769.09,765.38,767.01,1,1248556
01/09/2016,768.78,771.02,764.3,769.25,925131,768.78,0,771.02,764.3,769.25,1,925131
02/09/2016,771.46,773.9199,768.41,773.01,1072658,771.46,0,773.9199,768.41,773.01,1,1072658
06/09/2016,780.08,782,771,773.45,1442822,780.08,0,782,771,773.45,1,1442822
07/09/2016,780.35,782.73,776.2,780,894021,780.35,0,782.73,776.2,780,1,894021
08/09/2016,775.32,780.35,773.58,778.59,1270264,775.32,0,780.35,773.58,778.59,1,1270264
09/09/2016,759.66,773.245,759.66,770.1,1885496,759.66,0,773.245,759.66,770.1,1,1885496
12/09/2016,769.02,770.29,754.0001,755.13,1310986,769.02,0,770.29,754.0001,755.13,1,1310986
13/09/2016,759.69,766.2195,755.8,764.48,1395046,759.69,0,766.2195,755.8,764.48,1,1395046
14/09/2016,762.49,767.68,759.11,759.61,1094490,762.49,0,767.68,759.11,759.61,1,1094490
15/09/2016,771.76,773.8,759.96,762.89,1346751,771.76,0,773.8,759.96,762.89,1,1346751
16/09/2016,768.88,769.75,764.66,769.75,2049338,768.88,0,769.75,764.66,769.75,1,2049338
19/09/2016,765.7,774,764.4406,772.42,1172824,765.7,0,774,764.4406,772.42,1,1172824
20/09/2016,771.41,773.33,768.53,769,978631,771.41,0,773.33,768.53,769,1,978631
21/09/2016,776.22,777.16,768.301,772.66,1167810,776.22,0,777.16,768.301,772.66,1,1167810
22/09/2016,787.21,789.85,778.44,780,1486223,787.21,0,789.85,778.44,780,1,1486223
23/09/2016,786.9,788.93,784.15,786.59,1411937,786.9,0,788.93,784.15,786.59,1,1411937
26/09/2016,774.21,782.74,773.07,782.74,1533206,774.21,0,782.74,773.07,782.74,1,1533206
27/09/2016,783.01,785.9899,774.308,775.5,1153247,783.01,0,785.9899,774.308,775.5,1,1153247
28/09/2016,781.56,781.81,774.97,777.85,1109834,781.56,0,781.81,774.97,777.85,1,1109834
29/09/2016,775.01,785.8,774.232,781.44,1314746,775.01,0,785.8,774.232,781.44,1,1314746
30/09/2016,777.29,780.94,774.09,776.33,1585333,777.29,0,780.94,774.09,776.33,1,1585333
03/10/2016,772.56,776.065,769.5,774.25,1278821,772.56,0,776.065,769.5,774.25,1,1278821
04/10/2016,776.43,778.71,772.89,776.03,1201350,776.43,0,778.71,772.89,776.03,1,1201350
05/10/2016,776.47,782.07,775.65,779.31,1461151,776.47,0,782.07,775.65,779.31,1,1461151
06/10/2016,776.86,780.48,775.54,779,1070692,776.86,0,780.48,775.54,779,1,1070692
07/10/2016,775.08,779.66,770.75,779.66,933158,775.08,0,779.66,770.75,779.66,1,933158
10/10/2016,785.94,789.38,775.87,777.71,1174923,785.94,0,789.38,775.87,777.71,1,1174923
11/10/2016,783.07,792.28,780.58,786.66,1372461,783.07,0,792.28,780.58,786.66,1,1372461
12/10/2016,786.14,788.13,782.06,783.76,937435,786.14,0,788.13,782.06,783.76,1,937435
13/10/2016,778.19,781.22,773,781.22,1365277,778.19,0,781.22,773,781.22,1,1365277
14/10/2016,778.53,783.95,776,781.65,852487,778.53,0,783.95,776,781.65,1,852487
17/10/2016,779.96,785.85,777.5,779.8,1092973,779.96,0,785.85,777.5,779.8,1,1092973
18/10/2016,795.26,801.61,785.565,787.85,2056903,795.26,0,801.61,785.565,787.85,1,2056903
19/10/2016,801.56,804.63,797.635,798.86,1766798,801.56,0,804.63,797.635,798.86,1,1766798
20/10/2016,796.97,803.97,796.03,803.3,1757528,796.97,0,803.97,796.03,803.3,1,1757528
21/10/2016,799.37,799.5,794,795,1266181,799.37,0,799.5,794,795,1,1266181
24/10/2016,813.11,815.18,804.82,804.9,1697514,813.11,0,815.18,804.82,804.9,1,1697514
25/10/2016,807.67,816.68,805.14,816.68,1576404,807.67,0,816.68,805.14,816.68,1,1576404
26/10/2016,799.07,806.98,796.32,806.34,1647733,799.07,0,806.98,796.32,806.34,1,1647733
27/10/2016,795.35,803.49,791.5,801,2749221,795.35,0,803.49,791.5,801,1,2749221
28/10/2016,795.37,815.49,793.59,808.35,4269902,795.37,0,815.49,793.59,808.35,1,4269902
31/10/2016,784.54,796.86,784,795.47,2427284,784.54,0,796.86,784,795.47,1,2427284
01/11/2016,783.61,789.49,775.54,782.89,2406356,783.61,0,789.49,775.54,782.89,1,2406356
02/11/2016,768.7,781.65,763.4496,778.2,1918414,768.7,0,781.65,763.4496,778.2,1,1918414
03/11/2016,762.13,769.95,759.03,767.25,1943175,762.13,0,769.95,759.03,767.25,1,1943175
04/11/2016,762.02,770.36,750.5611,750.66,2134812,762.02,0,770.36,750.5611,750.66,1,2134812
07/11/2016,782.52,785.19,772.55,774.5,1585070,782.52,0,785.19,772.55,774.5,1,1585070
08/11/2016,790.51,795.633,780.19,783.4,1366873,790.51,0,795.633,780.19,783.4,1,1366873
09/11/2016,785.31,791.2265,771.67,779.94,2607121,785.31,0,791.2265,771.67,779.94,1,2607121
10/11/2016,762.56,791.17,752.18,791.17,4745183,762.56,0,791.17,752.18,791.17,1,4745183
11/11/2016,754.02,760.78,750.38,756.54,2431815,754.02,0,760.78,750.38,756.54,1,2431815
14/11/2016,736.08,757.85,727.54,755.6,3654385,736.08,0,757.85,727.54,755.6,1,3654385
15/11/2016,758.49,764.4162,746.97,746.97,2384001,758.49,0,764.4162,746.97,746.97,1,2384001
16/11/2016,764.48,766.36,750.51,755.2,1472594,764.48,0,766.36,750.51,755.2,1,1472594
17/11/2016,771.23,772.7,764.23,766.92,1304048,771.23,0,772.7,764.23,766.92,1,1304048
18/11/2016,760.54,775,760,771.37,1547145,760.54,0,775,760,771.37,1,1547145
21/11/2016,769.2,769.7,760.6,762.61,1330639,769.2,0,769.7,760.6,762.61,1,1330639
22/11/2016,768.27,776.96,767,772.63,1593108,768.27,0,776.96,767,772.63,1,1593108
23/11/2016,760.99,768.2825,755.25,767.73,1478417,760.99,0,768.2825,755.25,767.73,1,1478417
25/11/2016,761.68,765,760.52,764.26,587421,761.68,0,765,760.52,764.26,1,587421
28/11/2016,768.24,779.53,759.8,760,2188151,768.24,0,779.53,759.8,760,1,2188151
29/11/2016,770.84,778.5,768.24,771.53,1616618,770.84,0,778.5,768.24,771.53,1,1616618
30/11/2016,758.04,772.99,754.83,770.07,2392890,758.04,0,772.99,754.83,770.07,1,2392890
01/12/2016,747.92,759.85,737.0245,757.44,3017947,747.92,0,759.85,737.0245,757.44,1,3017947
02/12/2016,750.5,754,743.1,744.59,1452484,750.5,0,754,743.1,744.59,1,1452484
05/12/2016,762.52,763.9,752.9,757.71,1394223,762.52,0,763.9,752.9,757.71,1,1394223
06/12/2016,759.11,768.83,757.34,764.73,1690689,759.11,0,768.83,757.34,764.73,1,1690689
07/12/2016,771.19,771.36,755.8,761,1760966,771.19,0,771.36,755.8,761,1,1760966
08/12/2016,776.42,778.18,767.23,772.48,1488059,776.42,0,778.18,767.23,772.48,1,1488059
09/12/2016,789.29,789.43,779.021,780,1821914,789.29,0,789.43,779.021,780,1,1821914
12/12/2016,789.27,791.25,784.3554,785.04,2104117,789.27,0,791.25,784.3554,785.04,1,2104117
13/12/2016,796.1,804.3799,793.34,793.9,2145209,796.1,0,804.3799,793.34,793.9,1,2145209
14/12/2016,797.07,804,794.01,797.4,1704150,797.07,0,804,794.01,797.4,1,1704150
15/12/2016,797.85,803,792.92,797.34,1626499,797.85,0,803,792.92,797.34,1,1626499
16/12/2016,790.8,800.8558,790.29,800.4,2443796,790.8,0,800.8558,790.29,800.4,1,2443796
19/12/2016,794.2,797.66,786.27,790.22,1232087,794.2,0,797.66,786.27,790.22,1,1232087
20/12/2016,796.42,798.65,793.27,796.76,951014,796.42,0,798.65,793.27,796.76,1,951014
21/12/2016,794.56,796.6757,787.1,795.84,1211346,794.56,0,796.6757,787.1,795.84,1,1211346
22/12/2016,791.26,793.32,788.58,792.36,972169,791.26,0,793.32,788.58,792.36,1,972169
23/12/2016,789.91,792.74,787.28,790.9,623944,789.91,0,792.74,787.28,790.9,1,623944
27/12/2016,791.55,797.86,787.657,790.68,789321,791.55,0,797.86,787.657,790.68,1,789321
28/12/2016,785.05,794.23,783.2,793.7,1153824,785.05,0,794.23,783.2,793.7,1,1153824
29/12/2016,782.79,785.93,778.92,783.33,744272,782.79,0,785.93,778.92,783.33,1,744272
30/12/2016,771.82,782.78,770.41,782.75,1769950,771.82,0,782.78,770.41,782.75,1,1769950
03/01/2017,786.14,789.63,775.8,778.81,1657268,786.14,0,789.63,775.8,778.81,1,1657268
04/01/2017,786.9,791.34,783.16,788.36,1072958,786.9,0,791.34,783.16,788.36,1,1072958
05/01/2017,794.02,794.48,785.02,786.08,1335167,794.02,0,794.48,785.02,786.08,1,1335167
06/01/2017,806.15,807.9,792.2041,795.26,1640170,806.15,0,807.9,792.2041,795.26,1,1640170
09/01/2017,806.65,809.9664,802.83,806.4,1274645,806.65,0,809.9664,802.83,806.4,1,1274645
10/01/2017,804.79,809.1299,803.51,807.86,1176780,804.79,0,809.1299,803.51,807.86,1,1176780
11/01/2017,807.91,808.15,801.37,805,1065936,807.91,0,808.15,801.37,805,1,1065936
12/01/2017,806.36,807.39,799.17,807.14,1353057,806.36,0,807.39,799.17,807.14,1,1353057
13/01/2017,807.88,811.2244,806.69,807.48,1099215,807.88,0,811.2244,806.69,807.48,1,1099215
17/01/2017,804.61,807.14,800.37,807.08,1362115,804.61,0,807.14,800.37,807.08,1,1362115
18/01/2017,806.07,806.205,800.99,805.81,1294407,806.07,0,806.205,800.99,805.81,1,1294407
19/01/2017,802.175,809.48,801.8,805.12,919325,802.175,0,809.48,801.8,805.12,1,919325
20/01/2017,805.02,806.91,801.69,806.91,1670045,805.02,0,806.91,801.69,806.91,1,1670045
23/01/2017,819.31,820.87,803.74,807.25,1963628,819.31,0,820.87,803.74,807.25,1,1963628
24/01/2017,823.87,825.9,817.821,822.3,1474010,823.87,0,825.9,817.821,822.3,1,1474010
25/01/2017,835.67,835.77,825.06,829.62,1627304,835.67,0,835.77,825.06,829.62,1,1627304
26/01/2017,832.15,838,827.01,837.81,2973891,832.15,0,838,827.01,837.81,1,2973891
27/01/2017,823.31,841.95,820.44,834.71,2965771,823.31,0,841.95,820.44,834.71,1,2965771
30/01/2017,802.32,815.84,799.8,814.66,3246573,802.32,0,815.84,799.8,814.66,1,3246573
31/01/2017,796.79,801.25,790.52,796.86,2160556,796.79,0,801.25,790.52,796.86,1,2160556
01/02/2017,795.695,801.19,791.19,799.68,2029744,795.695,0,801.19,791.19,799.68,1,2029744
02/02/2017,798.53,802.7,792,793.8,1532138,798.53,0,802.7,792,793.8,1,1532138
03/02/2017,801.49,806,800.37,802.99,1463448,801.49,0,806,800.37,802.99,1,1463448
06/02/2017,801.34,801.67,795.2501,799.7,1184483,801.34,0,801.67,795.2501,799.7,1,1184483
07/02/2017,806.97,810.5,801.78,803.99,1241221,806.97,0,810.5,801.78,803.99,1,1241221
08/02/2017,808.38,811.84,803.1903,807,1155990,808.38,0,811.84,803.1903,807,1,1155990
09/02/2017,809.56,810.66,804.54,809.51,990391,809.56,0,810.66,804.54,809.51,1,990391
10/02/2017,813.67,815.25,809.78,811.7,1134976,813.67,0,815.25,809.78,811.7,1,1134976
13/02/2017,819.24,820.959,815.49,816,1213324,819.24,0,820.959,815.49,816,1,1213324
14/02/2017,820.45,823,816,819,1054732,820.45,0,823,816,819,1,1054732
15/02/2017,818.98,823,818.47,819.36,1313617,818.98,0,823,818.47,819.36,1,1313617
16/02/2017,824.16,824.4,818.98,819.93,1287626,824.16,0,824.4,818.98,819.93,1,1287626
17/02/2017,828.07,828.07,821.655,823.02,1611039,828.07,0,828.07,821.655,823.02,1,1611039
21/02/2017,831.66,833.45,828.35,828.66,1262337,831.66,0,833.45,828.35,828.66,1,1262337
22/02/2017,830.76,833.25,828.64,828.66,987248,830.76,0,833.25,828.64,828.66,1,987248
23/02/2017,831.33,832.46,822.88,830.12,1472771,831.33,0,832.46,822.88,830.12,1,1472771
24/02/2017,828.64,829,824.2,827.73,1392202,828.64,0,829,824.2,827.73,1,1392202
27/02/2017,829.28,830.5,824,824.55,1101466,829.28,0,830.5,824,824.55,1,1101466
28/02/2017,823.21,828.54,820.2,825.61,2260769,823.21,0,828.54,820.2,825.61,1,2260769
01/03/2017,835.24,836.255,827.26,828.85,1496540,835.24,0,836.255,827.26,828.85,1,1496540
02/03/2017,830.63,834.51,829.64,833.85,942476,830.63,0,834.51,829.64,833.85,1,942476
03/03/2017,829.08,831.36,825.751,830.56,896378,829.08,0,831.36,825.751,830.56,1,896378
06/03/2017,827.78,828.88,822.4,826.95,1109037,827.78,0,828.88,822.4,826.95,1,1109037
07/03/2017,831.91,833.41,826.52,827.4,1037630,831.91,0,833.41,826.52,827.4,1,1037630
08/03/2017,835.37,838.15,831.79,833.51,989773,835.37,0,838.15,831.79,833.51,1,989773
09/03/2017,838.68,842,834.21,836,1261517,838.68,0,842,834.21,836,1,1261517
10/03/2017,843.25,844.91,839.5,843.28,1704024,843.25,0,844.91,839.5,843.28,1,1704024
13/03/2017,845.54,848.685,843.25,844,1223647,845.54,0,848.685,843.25,844,1,1223647
14/03/2017,845.62,847.24,840.8,843.64,780198,845.62,0,847.24,840.8,843.64,1,780198
15/03/2017,847.2,848.63,840.77,847.59,1381474,847.2,0,848.63,840.77,847.59,1,1381474
16/03/2017,848.78,850.85,846.13,849.03,977560,848.78,0,850.85,846.13,849.03,1,977560
17/03/2017,852.12,853.4,847.11,851.61,1716471,852.12,0,853.4,847.11,851.61,1,1716471
20/03/2017,848.4,850.22,845.15,850.01,1231521,848.4,0,850.22,845.15,850.01,1,1231521
21/03/2017,830.46,853.5,829.02,851.4,2463484,830.46,0,853.5,829.02,851.4,1,2463484
22/03/2017,829.59,835.55,827.1801,831.91,1401465,829.59,0,835.55,827.1801,831.91,1,1401465
23/03/2017,817.58,822.57,812.257,821,3487056,817.58,0,822.57,812.257,821,1,3487056
24/03/2017,814.43,821.93,808.89,820.08,1981006,814.43,0,821.93,808.89,820.08,1,1981006
27/03/2017,819.51,821.63,803.37,806.95,1894990,819.51,0,821.63,803.37,806.95,1,1894990
28/03/2017,820.92,825.99,814.027,820.41,1620542,820.92,0,825.99,814.027,820.41,1,1620542
29/03/2017,831.41,832.765,822.3801,825,1786321,831.41,0,832.765,822.3801,825,1,1786321
30/03/2017,831.5,833.68,829,833.5,1055339,831.5,0,833.68,829,833.5,1,1055339
31/03/2017,829.56,831.64,827.39,828.97,1401893,829.56,0,831.64,827.39,828.97,1,1401893
03/04/2017,838.55,840.85,829.22,829.22,1671503,838.55,0,840.85,829.22,829.22,1,1671503
04/04/2017,834.57,835.18,829.036,831.36,1045363,834.57,0,835.18,829.036,831.36,1,1045363
05/04/2017,831.41,842.45,830.72,835.51,1555328,831.41,0,842.45,830.72,835.51,1,1555328
06/04/2017,827.88,836.39,826.46,832.4,1254433,827.88,0,836.39,826.46,832.4,1,1254433
07/04/2017,824.67,828.485,820.513,827.96,1056692,824.67,0,828.485,820.513,827.96,1,1056692
10/04/2017,824.73,829.35,823.77,825.39,978905,824.73,0,829.35,823.77,825.39,1,978905
11/04/2017,823.35,827.427,817.02,824.71,1079732,823.35,0,827.427,817.02,824.71,1,1079732
12/04/2017,824.32,826.66,821.02,821.93,900480,824.32,0,826.66,821.02,821.93,1,900480
13/04/2017,823.56,826.38,821.44,822.14,1122362,823.56,0,826.38,821.44,822.14,1,1122362
17/04/2017,837.17,837.75,824.47,825.01,895015,837.17,0,837.75,824.47,825.01,1,895015
18/04/2017,836.82,838.93,832.71,834.22,836722,836.82,0,838.93,832.71,834.22,1,836722
19/04/2017,838.21,842.22,836.29,839.79,954330,838.21,0,842.22,836.29,839.79,1,954330
20/04/2017,841.65,845.2,839.32,841.44,959031,841.65,0,845.2,839.32,841.44,1,959031
21/04/2017,843.19,843.88,840.6,842.88,1323583,843.19,0,843.88,840.6,842.88,1,1323583
24/04/2017,862.76,863.45,849.86,851.2,1371581,862.76,0,863.45,849.86,851.2,1,1371581
25/04/2017,872.3,875,862.81,865,1654161,872.3,0,875,862.81,865,1,1654161
26/04/2017,871.73,876.05,867.748,874.23,1188464,871.73,0,876.05,867.748,874.23,1,1188464
27/04/2017,874.25,875.4,870.38,873.6,1734197,874.25,0,875.4,870.38,873.6,1,1734197
28/04/2017,905.96,916.85,905.77,910.66,3160585,905.96,0,916.85,905.77,910.66,1,3160585
01/05/2017,912.57,915.68,901.45,901.94,2100457,912.57,0,915.68,901.45,901.94,1,2100457
02/05/2017,916.44,920.77,909.453,909.62,1520766,916.44,0,920.77,909.453,909.62,1,1520766
03/05/2017,927.04,928.1,912.543,914.86,1477329,927.04,0,928.1,912.543,914.86,1,1477329
04/05/2017,931.66,935.93,924.59,926.07,1405844,931.66,0,935.93,924.59,926.07,1,1405844
05/05/2017,927.13,934.9,925.2,933.54,1904731,927.13,0,934.9,925.2,933.54,1,1904731
08/05/2017,934.3,936.925,925.26,926.12,1319052,934.3,0,936.925,925.26,926.12,1,1319052
09/05/2017,932.17,937.5,929.53,936.95,1575628,932.17,0,937.5,929.53,936.95,1,1575628
10/05/2017,928.78,932,925.16,931.98,1170055,928.78,0,932,925.16,931.98,1,1170055
11/05/2017,930.6,932.53,923.03,925.32,830838,930.6,0,932.53,923.03,925.32,1,830838
12/05/2017,932.22,933.44,927.85,931.53,1038409,932.22,0,933.44,927.85,931.53,1,1038409
15/05/2017,937.08,938.25,929.34,932.95,1094283,937.08,0,938.25,929.34,932.95,1,1094283
16/05/2017,943,943.11,937.58,940,956692,943,0,943.11,937.58,940,1,956692
17/05/2017,919.62,939.333,918.14,935.67,2323389,919.62,0,939.333,918.14,935.67,1,2323389
18/05/2017,930.24,933.17,918.75,921,1586465,930.24,0,933.17,918.75,921,1,1586465
19/05/2017,934.01,937.755,931,931.47,1382221,934.01,0,937.755,931,931.47,1,1382221
22/05/2017,941.86,941.883,935,935,1092176,941.86,0,941.883,935,935,1,1092176
23/05/2017,948.82,951.467,942.575,947.92,1259285,948.82,0,951.467,942.575,947.92,1,1259285
24/05/2017,954.96,955.09,949.5,952.98,990248,954.96,0,955.09,949.5,952.98,1,990248
25/05/2017,969.54,972.629,955.47,957.33,1645873,969.54,0,972.629,955.47,957.33,1,1645873
26/05/2017,971.47,974.98,965.03,969.7,1246186,971.47,0,974.98,965.03,969.7,1,1246186
30/05/2017,975.88,976.2,969.49,970.31,1455686,975.88,0,976.2,969.49,970.31,1,1455686
31/05/2017,964.86,979.27,960.18,975.02,2426589,964.86,0,979.27,960.18,975.02,1,2426589
01/06/2017,966.95,971.5,960.01,968.95,1403200,966.95,0,971.5,960.01,968.95,1,1403200
02/06/2017,975.6,975.88,966,969.46,1717212,975.6,0,975.88,966,969.46,1,1717212
05/06/2017,983.68,986.91,975.1,976.55,1221971,983.68,0,986.91,975.1,976.55,1,1221971
06/06/2017,976.57,988.25,975.14,983.16,1796904,976.57,0,988.25,975.14,983.16,1,1796904
07/06/2017,980.94,983.98,975.94,980,1429834,980.94,0,983.98,975.94,980,1,1429834
08/06/2017,983.41,984.57,977.2,982.35,1451232,983.41,0,984.57,977.2,982.35,1,1451232
09/06/2017,949.83,984.5,935.63,984.5,3270248,949.83,0,984.5,935.63,984.5,1,3270248
12/06/2017,942.9,949.355,915.233,939.56,3731589,942.9,0,949.355,915.233,939.56,1,3731589
13/06/2017,953.4,959.98,944.09,951.91,1995350,953.4,0,959.98,944.09,951.91,1,1995350
14/06/2017,950.76,961.15,942.25,959.92,1477033,950.76,0,961.15,942.25,959.92,1,1477033
15/06/2017,942.31,943.339,924.44,933.97,2055953,942.31,0,943.339,924.44,933.97,1,2055953
16/06/2017,939.78,942.04,931.595,940,2921393,939.78,0,942.04,931.595,940,1,2921393
19/06/2017,957.37,959.99,949.05,949.96,1494191,957.37,0,959.99,949.05,949.96,1,1494191
20/06/2017,950.63,961.62,950.01,957.52,1111840,950.63,0,961.62,950.01,957.52,1,1111840
21/06/2017,959.45,960.1,950.76,953.64,1192342,959.45,0,960.1,950.76,953.64,1,1192342
22/06/2017,957.09,960.72,954.55,958.7,940373,957.09,0,960.72,954.55,958.7,1,940373
23/06/2017,965.59,966,954.2,956.83,1394008,965.59,0,966,954.2,956.83,1,1394008
26/06/2017,952.27,973.31,950.79,969.9,1581031,952.27,0,973.31,950.79,969.9,1,1581031
27/06/2017,927.33,948.29,926.85,942.46,2553771,927.33,0,948.29,926.85,942.46,1,2553771
28/06/2017,940.49,942.75,916,929,2712222,940.49,0,942.75,916,929,1,2712222
29/06/2017,917.79,931.26,910.62,929.92,3248393,917.79,0,931.26,910.62,929.92,1,3248393
30/06/2017,908.73,926.05,908.31,926.05,2035931,908.73,0,926.05,908.31,926.05,1,2035931
03/07/2017,898.7,913.94,894.79,912.18,1710189,898.7,0,913.94,894.79,912.18,1,1710189
05/07/2017,911.71,914.51,898.5,901.76,1743497,911.71,0,914.51,898.5,901.76,1,1743497
06/07/2017,906.69,914.9444,899.7,904.12,1409533,906.69,0,914.9444,899.7,904.12,1,1409533
07/07/2017,918.59,921.54,908.85,908.85,1588034,918.59,0,921.54,908.85,908.85,1,1588034
10/07/2017,928.8,930.38,919.59,921.77,1189085,928.8,0,930.38,919.59,921.77,1,1189085
11/07/2017,930.09,931.43,922,929.54,1093281,930.09,0,931.43,922,929.54,1,1093281
12/07/2017,943.83,946.3,934.47,938.68,1505982,943.83,0,946.3,934.47,938.68,1,1505982
13/07/2017,947.16,954.45,943.01,946.29,1291782,947.16,0,954.45,943.01,946.29,1,1291782
14/07/2017,955.99,956.91,948.005,952,1017632,955.99,0,956.91,948.005,952,1,1017632
17/07/2017,953.42,960.74,949.241,957,1141026,953.42,0,960.74,949.241,957,1,1141026
18/07/2017,965.4,968.04,950.6,953,1131130,965.4,0,968.04,950.6,953,1,1131130
19/07/2017,970.89,973.04,964.03,967.84,1212814,970.89,0,973.04,964.03,967.84,1,1212814
20/07/2017,968.15,975.9,961.51,975,1577103,968.15,0,975.9,961.51,975,1,1577103
21/07/2017,972.92,973.23,960.15,962.25,1665103,972.92,0,973.23,960.15,962.25,1,1665103
24/07/2017,980.34,986.2,970.77,972.22,2634669,980.34,0,986.2,970.77,972.22,1,2634669
25/07/2017,950.7,959.7,945.4,953.81,4626086,950.7,0,959.7,945.4,953.81,1,4626086
26/07/2017,947.8,955,942.279,954.68,2056013,947.8,0,955,942.279,954.68,1,2056013
27/07/2017,934.09,951.78,920,951.78,3095263,934.09,0,951.78,920,951.78,1,3095263
28/07/2017,941.53,943.83,927.5,929.4,1775076,941.53,0,943.83,927.5,929.4,1,1775076
31/07/2017,930.5,943.59,926.04,941.89,1952716,930.5,0,943.59,926.04,941.89,1,1952716
01/08/2017,930.83,937.447,929.26,932.38,1211553,930.83,0,937.447,929.26,932.38,1,1211553
02/08/2017,930.39,932.6,916.68,928.61,1816343,930.39,0,932.6,916.68,928.61,1,1816343
03/08/2017,923.65,932.24,922.24,930.34,1179126,923.65,0,932.24,922.24,930.34,1,1179126
04/08/2017,927.96,930.307,923.03,926.75,1019159,927.96,0,930.307,923.03,926.75,1,1019159
07/08/2017,929.36,931.7,926.5,929.06,1012296,929.36,0,931.7,926.5,929.06,1,1012296
08/08/2017,926.79,935.814,925.61,927.09,1039394,926.79,0,935.814,925.61,927.09,1,1039394
09/08/2017,922.9,925.98,917.25,920.61,1169431,922.9,0,925.98,917.25,920.61,1,1169431
10/08/2017,907.24,919.26,906.13,917.55,1722296,907.24,0,919.26,906.13,917.55,1,1722296
11/08/2017,914.39,917.78,905.58,907.97,1190458,914.39,0,917.78,905.58,907.97,1,1190458
14/08/2017,922.67,924.668,918.19,922.53,1047828,922.67,0,924.668,918.19,922.53,1,1047828
15/08/2017,922.22,926.55,919.82,924.23,873070,922.22,0,926.55,919.82,924.23,1,873070
16/08/2017,926.96,932.7,923.445,925.29,988604,926.96,0,932.7,923.445,925.29,1,988604
17/08/2017,910.98,926.86,910.98,925.78,1218963,910.98,0,926.86,910.98,925.78,1,1218963
18/08/2017,910.67,915.275,907.154,910.31,1333572,910.67,0,915.275,907.154,910.31,1,1333572
21/08/2017,906.66,913,903.4,910,932903,906.66,0,913,903.4,910,1,932903
22/08/2017,924.69,925.86,911.475,912.72,1145571,924.69,0,925.86,911.475,912.72,1,1145571
23/08/2017,927,929.93,919.36,921.93,1077809,927,0,929.93,919.36,921.93,1,1077809
24/08/2017,921.28,930.84,915.5,928.66,1218875,921.28,0,930.84,915.5,928.66,1,1218875
25/08/2017,915.89,925.555,915.5,923.49,1040693,915.89,0,925.555,915.5,923.49,1,1040693
28/08/2017,913.81,919.245,911.87,916,1072467,913.81,0,919.245,911.87,916,1,1072467
29/08/2017,921.29,923.33,905,905.1,1180160,921.29,0,923.33,905,905.1,1,1180160
30/08/2017,929.57,930.819,919.65,920.05,1282093,929.57,0,930.819,919.65,920.05,1,1282093
31/08/2017,939.33,941.98,931.76,931.76,1553301,939.33,0,941.98,931.76,931.76,1,1553301
01/09/2017,937.34,942.48,935.15,941.13,913404,937.34,0,942.48,935.15,941.13,1,913404
05/09/2017,928.45,937,921.96,933.08,1202163,928.45,0,937,921.96,933.08,1,1202163
06/09/2017,927.81,930.915,919.27,930.15,1468808,927.81,0,930.915,919.27,930.15,1,1468808
07/09/2017,935.95,936.41,923.62,931.73,1200257,935.95,0,936.41,923.62,931.73,1,1200257
08/09/2017,926.5,936.99,924.88,936.49,993832,926.5,0,936.99,924.88,936.49,1,993832
11/09/2017,929.08,938.38,926.92,934.25,1247138,929.08,0,938.38,926.92,934.25,1,1247138
12/09/2017,932.07,933.48,923.861,932.59,1120449,932.07,0,933.48,923.861,932.59,1,1120449
13/09/2017,935.09,937.25,929.86,930.66,1066051,935.09,0,937.25,929.86,930.66,1,1066051
14/09/2017,925.11,932.77,924,931.25,1389012,925.11,0,932.77,924,931.25,1,1389012
15/09/2017,920.29,926.49,916.36,924.66,2475031,920.29,0,926.49,916.36,924.66,1,2475031
18/09/2017,915,922.08,910.6,920.01,1263456,915,0,922.08,910.6,920.01,1,1263456
19/09/2017,921.81,922.42,912.55,917.42,902415,921.81,0,922.42,912.55,917.42,1,902415
20/09/2017,931.58,933.88,922,922.98,1518166,931.58,0,933.88,922,922.98,1,1518166
21/09/2017,932.45,936.53,923.83,933,1207656,932.45,0,936.53,923.83,933,1,1207656
22/09/2017,928.53,934.73,926.48,927.75,1038551,928.53,0,934.73,926.48,927.75,1,1038551
25/09/2017,920.97,926.4,909.7,925.45,1822881,920.97,0,926.4,909.7,925.45,1,1822881
26/09/2017,924.86,930.82,921.14,923.72,1652848,924.86,0,930.82,921.14,923.72,1,1652848
27/09/2017,944.49,949.9,927.74,927.74,2202959,944.49,0,949.9,927.74,927.74,1,2202959
28/09/2017,949.5,950.69,940.55,941.36,959648,949.5,0,950.69,940.55,941.36,1,959648
29/09/2017,959.11,959.786,951.51,952,1533133,959.11,0,959.786,951.51,952,1,1533133
02/10/2017,953.27,962.54,947.84,959.98,1222026,953.27,0,962.54,947.84,959.98,1,1222026
03/10/2017,957.79,958,949.14,954,881562,957.79,0,958,949.14,954,1,881562
04/10/2017,951.68,960.39,950.69,957,881380,951.68,0,960.39,950.69,957,1,881380
05/10/2017,969.96,970.91,955.18,955.49,1202101,969.96,0,970.91,955.18,955.49,1,1202101
06/10/2017,978.89,979.46,963.36,966.7,1142699,978.89,0,979.46,963.36,966.7,1,1142699
09/10/2017,977,985.425,976.11,980,886700,977,0,985.425,976.11,980,1,886700
10/10/2017,972.6,981.57,966.08,980,956419,972.6,0,981.57,966.08,980,1,956419
11/10/2017,989.25,990.71,972.25,973.72,1663731,989.25,0,990.71,972.25,973.72,1,1663731
12/10/2017,987.83,994.12,985,987.45,1259082,987.83,0,994.12,985,987.45,1,1259082
13/10/2017,989.68,997.21,989,992,1143907,989.68,0,997.21,989,992,1,1143907
16/10/2017,992,993.907,984,992.1,900751,992,0,993.907,984,992.1,1,900751
17/10/2017,992.18,996.44,988.59,990.29,1266399,992.18,0,996.44,988.59,990.29,1,1266399
18/10/2017,992.81,996.72,986.975,991.77,1022521,992.81,0,996.72,986.975,991.77,1,1022521
19/10/2017,984.45,988.88,978.39,986,1282755,984.45,0,988.88,978.39,986,1,1282755
20/10/2017,988.2,991,984.58,989.44,1120038,988.2,0,991,984.58,989.44,1,1120038
23/10/2017,968.45,989.52,966.12,989.52,1431886,968.45,0,989.52,966.12,989.52,1,1431886
24/10/2017,970.54,972.23,961,970,1155231,970.54,0,972.23,961,970,1,1155231
25/10/2017,973.33,976.09,960.52,968.37,1162606,973.33,0,976.09,960.52,968.37,1,1162606
26/10/2017,972.56,987.6,972.2,980,1660850,972.56,0,987.6,972.2,980,1,1660850
27/10/2017,1019.27,1048.39,1008.2,1009.19,5125791,1019.27,0,1048.39,1008.2,1009.19,1,5125791
30/10/2017,1017.11,1024.97,1007.5,1014,2074619,1017.11,0,1024.97,1007.5,1014,1,2074619
31/10/2017,1016.64,1024,1010.42,1015.22,1324961,1016.64,0,1024,1010.42,1015.22,1,1324961
01/11/2017,1025.5,1029.67,1016.95,1017.21,1360900,1025.5,0,1029.67,1016.95,1017.21,1,1360900
02/11/2017,1025.58,1028.09,1013.01,1021.76,1008190,1025.58,0,1028.09,1013.01,1021.76,1,1008190
03/11/2017,1032.48,1032.65,1020.31,1022.11,1058037,1032.48,0,1032.65,1020.31,1022.11,1,1058037
06/11/2017,1025.9,1034.87,1025,1028.99,1119131,1025.9,0,1034.87,1025,1028.99,1,1119131
07/11/2017,1033.33,1033.97,1025.13,1027.27,1089887,1033.33,0,1033.97,1025.13,1027.27,1,1089887
08/11/2017,1039.85,1043.522,1028.45,1030.52,1088716,1039.85,0,1043.522,1028.45,1030.52,1,1088716
09/11/2017,1031.26,1033.99,1019.666,1033.99,1236903,1031.26,0,1033.99,1019.666,1033.99,1,1236903
10/11/2017,1028.07,1030.76,1025.28,1026.46,719227,1028.07,0,1030.76,1025.28,1026.46,1,719227
13/11/2017,1025.75,1031.58,1022.57,1023.42,878969,1025.75,0,1031.58,1022.57,1023.42,1,878969
14/11/2017,1026,1026.81,1014.15,1022.59,947273,1026,0,1026.81,1014.15,1022.59,1,947273
15/11/2017,1020.91,1024.09,1015.42,1019.21,859951,1020.91,0,1024.09,1015.42,1019.21,1,859951
16/11/2017,1032.5,1035.92,1022.52,1022.52,1129423,1032.5,0,1035.92,1022.52,1022.52,1,1129423
17/11/2017,1019.09,1034.42,1017.75,1034.01,1350144,1019.09,0,1034.42,1017.75,1034.01,1,1350144
20/11/2017,1018.38,1022.61,1017.5,1020.26,894844,1018.38,0,1022.61,1017.5,1020.26,1,894844
21/11/2017,1034.49,1035.11,1022.655,1023.31,1083715,1034.49,0,1035.11,1022.655,1023.31,1,1083715
22/11/2017,1035.96,1039.706,1031.43,1035,716661,1035.96,0,1039.706,1031.43,1035,1,716661
24/11/2017,1040.61,1043.18,1035,1035.87,536958,1040.61,0,1043.18,1035,1035.87,1,536958
27/11/2017,1054.21,1055.46,1038.44,1040,1284354,1054.21,0,1055.46,1038.44,1040,1,1284354
28/11/2017,1047.41,1062.38,1040,1055.09,1341000,1047.41,0,1062.38,1040,1055.09,1,1341000
29/11/2017,1021.66,1044.08,1015.65,1042.68,2438875,1021.66,0,1044.08,1015.65,1042.68,1,2438875
30/11/2017,1021.41,1028.49,1015,1022.37,1722913,1021.41,0,1028.49,1015,1022.37,1,1722913
01/12/2017,1010.17,1022.49,1002.02,1015.8,1908944,1010.17,0,1022.49,1002.02,1015.8,1,1908944
04/12/2017,998.68,1016.1,995.57,1012.66,1891408,998.68,0,1016.1,995.57,1012.66,1,1891408
05/12/2017,1005.15,1020.61,988.28,995.94,2023376,1005.15,0,1020.61,988.28,995.94,1,2023376
06/12/2017,1018.38,1024.97,1001.14,1001.5,1254837,1018.38,0,1024.97,1001.14,1001.5,1,1254837
07/12/2017,1030.93,1034.24,1018.07,1020.43,1387107,1030.93,0,1034.24,1018.07,1020.43,1,1387107
08/12/2017,1037.05,1042.05,1032.52,1037.49,1277894,1037.05,0,1042.05,1032.52,1037.49,1,1277894
11/12/2017,1041.1,1043.8,1032.05,1035.5,1119052,1041.1,0,1043.8,1032.05,1035.5,1,1119052
12/12/2017,1040.48,1050.31,1033.69,1039.63,1269883,1040.48,0,1050.31,1033.69,1039.63,1,1269883
13/12/2017,1040.61,1046.66,1038.38,1046.12,1207286,1040.61,0,1046.66,1038.38,1046.12,1,1207286
14/12/2017,1049.15,1058.5,1043.11,1045,1545616,1049.15,0,1058.5,1043.11,1045,1,1545616
15/12/2017,1064.19,1067.62,1049.5,1054.61,3142760,1064.19,0,1067.62,1049.5,1054.61,1,3142760
18/12/2017,1077.14,1078.49,1062,1066.08,1531522,1077.14,0,1078.49,1062,1066.08,1,1531522
19/12/2017,1070.68,1076.84,1063.55,1075.2,1254615,1070.68,0,1076.84,1063.55,1075.2,1,1254615
20/12/2017,1064.95,1073.38,1061.52,1071.78,1266115,1064.95,0,1073.38,1061.52,1071.78,1,1266115
21/12/2017,1063.63,1069.33,1061.79,1064.95,974594,1063.63,0,1069.33,1061.79,1064.95,1,974594
22/12/2017,1060.12,1064.2,1059.44,1061.11,734566,1060.12,0,1064.2,1059.44,1061.11,1,734566
26/12/2017,1056.74,1060.12,1050.2,1058.07,756324,1056.74,0,1060.12,1050.2,1058.07,1,756324
27/12/2017,1049.37,1058.37,1048.05,1057.39,1214775,1049.37,0,1058.37,1048.05,1057.39,1,1214775
28/12/2017,1048.14,1054.75,1044.77,1051.6,829623,1048.14,0,1054.75,1044.77,1051.6,1,829623
29/12/2017,1046.4,1049.7,1044.9,1046.72,867943,1046.4,0,1049.7,1044.9,1046.72,1,867943
02/01/2018,1065,1066.94,1045.23,1048.34,1223114,1065,0,1066.94,1045.23,1048.34,1,1223114
03/01/2018,1082.48,1086.29,1063.21,1064.31,1416093,1082.48,0,1086.29,1063.21,1064.31,1,1416093
04/01/2018,1086.4,1093.57,1084,1088,990510,1086.4,0,1093.57,1084,1088,1,990510
05/01/2018,1102.23,1104.25,1092,1094,1210974,1102.23,0,1104.25,1092,1094,1,1210974
08/01/2018,1106.94,1111.27,1101.62,1102.23,1003098,1106.94,0,1111.27,1101.62,1102.23,1,1003098
09/01/2018,1106.26,1110.57,1101.23,1109.4,897400,1106.26,0,1110.57,1101.23,1109.4,1,897400
10/01/2018,1102.61,1104.6,1096.11,1097.1,1038917,1102.61,0,1104.6,1096.11,1097.1,1,1038917
11/01/2018,1105.52,1106.53,1099.59,1106.3,962696,1105.52,0,1106.53,1099.59,1106.3,1,962696
12/01/2018,1122.26,1124.29,1101.15,1102.41,1701377,1122.26,0,1124.29,1101.15,1102.41,1,1701377
16/01/2018,1121.76,1139.91,1117.83,1132.51,1539230,1121.76,0,1139.91,1117.83,1132.51,1,1539230
17/01/2018,1131.98,1132.6,1117.01,1126.22,1146089,1131.98,0,1132.6,1117.01,1126.22,1,1146089
18/01/2018,1129.79,1132.51,1117.5,1131.41,1148920,1129.79,0,1132.51,1117.5,1131.41,1,1148920
19/01/2018,1137.51,1137.86,1128.3,1131.83,1361390,1137.51,0,1137.86,1128.3,1131.83,1,1361390
22/01/2018,1155.81,1159.88,1135.11,1137.49,1582504,1155.81,0,1159.88,1135.11,1137.49,1,1582504
23/01/2018,1169.97,1171.63,1158.75,1159.85,1199326,1169.97,0,1171.63,1158.75,1159.85,1,1199326
24/01/2018,1164.24,1179.86,1161.05,1177.33,1351237,1164.24,0,1179.86,1161.05,1177.33,1,1351237
25/01/2018,1170.37,1175.94,1162.76,1172.53,1326436,1170.37,0,1175.94,1162.76,1172.53,1,1326436
26/01/2018,1175.84,1175.84,1158.11,1175.08,1825680,1175.84,0,1175.84,1158.11,1175.08,1,1825680
29/01/2018,1175.58,1186.89,1171.98,1176.48,1299218,1175.58,0,1186.89,1171.98,1176.48,1,1299218
30/01/2018,1163.69,1176.52,1163.52,1167.83,1400132,1163.69,0,1176.52,1163.52,1167.83,1,1400132
31/01/2018,1169.94,1173,1159.13,1170.57,1486793,1169.94,0,1173,1159.13,1170.57,1,1486793
01/02/2018,1167.7,1174,1157.52,1162.61,1974700,1167.7,0,1174,1157.52,1162.61,1,1974700
02/02/2018,1111.9,1123.07,1107.28,1122,4758496,1111.9,0,1123.07,1107.28,1122,1,4758496
05/02/2018,1055.8,1110,1052.03,1090.6,3336352,1055.8,0,1110,1052.03,1090.6,1,3336352
06/02/2018,1080.6,1081.71,1023.14,1027.18,3360727,1080.6,0,1081.71,1023.14,1027.18,1,3360727
07/02/2018,1048.58,1081.78,1048.26,1081.54,2331374,1048.58,0,1081.78,1048.26,1081.54,1,2331374
08/02/2018,1001.52,1058.62,1000.66,1055.41,2720942,1001.52,0,1058.62,1000.66,1055.41,1,2720942
09/02/2018,1037.78,1043.97,992.56,1017.25,3267883,1037.78,0,1043.97,992.56,1017.25,1,3267883
12/02/2018,1051.94,1061.5,1040.93,1048,2038875,1051.94,0,1061.5,1040.93,1048,1,2038875
13/02/2018,1052.1,1058.37,1044.09,1045,1209341,1052.1,0,1058.37,1044.09,1045,1,1209341
14/02/2018,1069.7,1071.72,1046.75,1048.95,1515444,1069.7,0,1071.72,1046.75,1048.95,1,1515444
15/02/2018,1089.52,1091.48,1064.34,1079.07,1777694,1089.52,0,1091.48,1064.34,1079.07,1,1777694
16/02/2018,1094.8,1104.67,1088.31,1088.41,1664969,1094.8,0,1104.67,1088.31,1088.41,1,1664969
20/02/2018,1102.46,1113.95,1088.52,1090.57,1381603,1102.46,0,1113.95,1088.52,1090.57,1,1381603
21/02/2018,1111.34,1133.97,1106.33,1106.47,1493162,1111.34,0,1133.97,1106.33,1106.47,1,1493162
22/02/2018,1106.63,1122.82,1102.59,1116.19,1306276,1106.63,0,1122.82,1102.59,1116.19,1,1306276
23/02/2018,1126.79,1127.28,1104.71,1112.64,1158377,1126.79,0,1127.28,1104.71,1112.64,1,1158377
26/02/2018,1143.75,1143.96,1126.69,1127.8,1492380,1143.75,0,1143.96,1126.69,1127.8,1,1492380
27/02/2018,1118.29,1144.04,1118,1141.24,1741578,1118.29,0,1144.04,1118,1141.24,1,1741578
28/02/2018,1104.73,1127.53,1103.24,1123.03,1858051,1104.73,0,1127.53,1103.24,1123.03,1,1858051
01/03/2018,1069.52,1110.12,1067,1107.87,2515910,1069.52,0,1110.12,1067,1107.87,1,2515910
02/03/2018,1078.92,1082,1048.12,1053.08,2271551,1078.92,0,1082,1048.12,1053.08,1,2271551
05/03/2018,1090.93,1097.1,1069,1075.14,1202174,1090.93,0,1097.1,1069,1075.14,1,1202174
06/03/2018,1095.06,1101.85,1089.78,1099.22,1532783,1095.06,0,1101.85,1089.78,1099.22,1,1532783
07/03/2018,1109.64,1112.22,1085.48,1089.19,1292537,1109.64,0,1112.22,1085.48,1089.19,1,1292537
08/03/2018,1126,1127.6,1112.8,1115.32,1240299,1126,0,1127.6,1112.8,1115.32,1,1240299
09/03/2018,1160.04,1160.8,1132.46,1136,2074952,1160.04,0,1160.8,1132.46,1136,1,2074952
12/03/2018,1164.5,1177.05,1157.42,1163.85,2076306,1164.5,0,1177.05,1157.42,1163.85,1,2076306
13/03/2018,1138.17,1176.76,1133.33,1170,1808098,1138.17,0,1176.76,1133.33,1170,1,1808098
14/03/2018,1149.49,1158.59,1141.44,1145.21,1192615,1149.49,0,1158.59,1141.44,1145.21,1,1192615
15/03/2018,1149.58,1161.08,1134.54,1149.96,1392521,1149.58,0,1161.08,1134.54,1149.96,1,1392521
16/03/2018,1135.73,1155.88,1131.96,1154.14,2560277,1135.73,0,1155.88,1131.96,1154.14,1,2560277
19/03/2018,1099.82,1121.99,1089.01,1120.01,2339506,1099.82,0,1121.99,1089.01,1120.01,1,2339506
20/03/2018,1097.71,1105.2,1083.46,1099,1783872,1097.71,0,1105.2,1083.46,1099,1,1783872
21/03/2018,1090.88,1106.3,1085.15,1092.74,1640709,1090.88,0,1106.3,1085.15,1092.74,1,1640709
22/03/2018,1049.08,1082.9,1045.91,1081.88,2580374,1049.08,0,1082.9,1045.91,1081.88,1,2580374
23/03/2018,1021.57,1063.36,1021.22,1047.03,2113497,1021.57,0,1063.36,1021.22,1047.03,1,2113497
26/03/2018,1053.21,1055.63,1008.4,1046,2558385,1053.21,0,1055.63,1008.4,1046,1,2558385
27/03/2018,1005.1,1064.84,996.92,1063,3029471,1005.1,0,1064.84,996.92,1063,1,3029471
28/03/2018,1004.56,1024.23,980.64,998,3369275,1004.56,0,1024.23,980.64,998,1,3369275
29/03/2018,1031.79,1043,1002.9,1011.63,2726830,1031.79,0,1043,1002.9,1011.63,1,2726830
02/04/2018,1006.47,1034.8,990.37,1022.82,2680400,1006.47,0,1034.8,990.37,1022.82,1,2680400
03/04/2018,1013.41,1020.99,994.07,1013.91,2275076,1013.41,0,1020.99,994.07,1013.91,1,2275076
04/04/2018,1025.14,1028.72,993,993.41,2484651,1025.14,0,1028.72,993,993.41,1,2484651
05/04/2018,1027.81,1042.79,1020.13,1041.33,1363049,1027.81,0,1042.79,1020.13,1041.33,1,1363049
06/04/2018,1007.04,1031.42,1003.03,1020,1746430,1007.04,0,1031.42,1003.03,1020,1,1746430
09/04/2018,1015.45,1039.6,1014.08,1016.8,1751559,1015.45,0,1039.6,1014.08,1016.8,1,1751559
10/04/2018,1031.64,1036.28,1011.34,1026.44,2029648,1031.64,0,1036.28,1011.34,1026.44,1,2029648
11/04/2018,1019.97,1031.36,1015.87,1027.99,1483881,1019.97,0,1031.36,1015.87,1027.99,1,1483881
12/04/2018,1032.51,1040.69,1021.43,1025.04,1359389,1032.51,0,1040.69,1021.43,1025.04,1,1359389
13/04/2018,1029.27,1046.42,1022.98,1040.88,1223017,1029.27,0,1046.42,1022.98,1040.88,1,1223017
16/04/2018,1037.98,1043.24,1026.74,1037,1211208,1037.98,0,1043.24,1026.74,1037,1,1211208
17/04/2018,1074.16,1077.88,1048.26,1051.37,2320266,1074.16,0,1077.88,1048.26,1051.37,1,2320266
18/04/2018,1072.08,1077.43,1066.22,1077.43,1344138,1072.08,0,1077.43,1066.22,1077.43,1,1344138
19/04/2018,1087.7,1094.16,1068.18,1069.4,1747671,1087.7,0,1094.16,1068.18,1069.4,1,1747671
20/04/2018,1072.96,1092.35,1069.57,1082,1889686,1072.96,0,1092.35,1069.57,1082,1,1889686
23/04/2018,1067.45,1082.72,1060.7,1077.86,2341258,1067.45,0,1082.72,1060.7,1077.86,1,2341258
24/04/2018,1019.98,1057,1010.59,1052,4760260,1019.98,0,1057,1010.59,1052,1,4760260
25/04/2018,1021.18,1032.49,1015.31,1025.52,2391105,1021.18,0,1032.49,1015.31,1025.52,1,2391105
26/04/2018,1040.04,1047.98,1018.19,1029.51,2079533,1040.04,0,1047.98,1018.19,1029.51,1,2079533
27/04/2018,1030.05,1049.5,1025.59,1046,1619796,1030.05,0,1049.5,1025.59,1046,1,1619796
30/04/2018,1017.33,1037,1016.85,1030.01,1671254,1017.33,0,1037,1016.85,1030.01,1,1671254
01/05/2018,1037.31,1038.47,1008.21,1013.66,1427857,1037.31,0,1038.47,1008.21,1013.66,1,1427857
02/05/2018,1024.38,1040.39,1022.87,1028.1,1603081,1024.38,0,1040.39,1022.87,1028.1,1,1603081
03/05/2018,1023.72,1029.67,1006.29,1019,1815058,1023.72,0,1029.67,1006.29,1019,1,1815058
04/05/2018,1048.21,1048.51,1016.9,1016.9,1938658,1048.21,0,1048.51,1016.9,1016.9,1,1938658
07/05/2018,1054.79,1061.68,1047.1,1049.23,1466065,1054.79,0,1061.68,1047.1,1049.23,1,1466065
08/05/2018,1053.91,1060.55,1047.14,1058.54,1217721,1053.91,0,1060.55,1047.14,1058.54,1,1217721
09/05/2018,1082.76,1085.44,1056.37,1058.1,2032818,1082.76,0,1085.44,1056.37,1058.1,1,2032818
10/05/2018,1097.57,1100.44,1085.64,1086.03,1443025,1097.57,0,1100.44,1085.64,1086.03,1,1443025
11/05/2018,1098.26,1101.33,1090.91,1093.6,1253665,1098.26,0,1101.33,1090.91,1093.6,1,1253665
14/05/2018,1100.2,1110.75,1099.11,1100,1518077,1100.2,0,1110.75,1099.11,1100,1,1518077
15/05/2018,1079.23,1090.05,1073.47,1090,1494872,1079.23,0,1090.05,1073.47,1090,1,1494872
16/05/2018,1081.77,1089.27,1076.26,1077.31,1097317,1081.77,0,1089.27,1076.26,1077.31,1,1097317
17/05/2018,1078.59,1086.87,1073.5,1079.89,1043766,1078.59,0,1086.87,1073.5,1079.89,1,1043766
18/05/2018,1066.36,1069.94,1060.68,1061.86,1565240,1066.36,0,1069.94,1060.68,1061.86,1,1565240
21/05/2018,1079.58,1088,1073.65,1074.06,1023211,1079.58,0,1088,1073.65,1074.06,1,1023211
22/05/2018,1069.73,1086.59,1066.69,1083.56,1090002,1069.73,0,1086.59,1066.69,1083.56,1,1090002
